--------------------------------------------------------
-- Archivo creado  - domingo-julio-09-2023   
--------------------------------------------------------
--------------------------------------------------------
--  DDL for Table AUTH_GROUP
--------------------------------------------------------

  CREATE TABLE "TOSHIVEPET"."AUTH_GROUP" 
   (	"ID" NUMBER(11,0) GENERATED BY DEFAULT ON NULL AS IDENTITY MINVALUE 1 MAXVALUE 9999999999999999999999999999 INCREMENT BY 1 START WITH 1 CACHE 20 NOORDER  NOCYCLE  NOKEEP  NOSCALE , 
	"NAME" NVARCHAR2(150)
   ) SEGMENT CREATION DEFERRED 
  PCTFREE 10 PCTUSED 40 INITRANS 1 MAXTRANS 255 
 NOCOMPRESS LOGGING
  TABLESPACE "USERS" ;
--------------------------------------------------------
--  DDL for Table AUTH_GROUP_PERMISSIONS
--------------------------------------------------------

  CREATE TABLE "TOSHIVEPET"."AUTH_GROUP_PERMISSIONS" 
   (	"ID" NUMBER(11,0) GENERATED BY DEFAULT ON NULL AS IDENTITY MINVALUE 1 MAXVALUE 9999999999999999999999999999 INCREMENT BY 1 START WITH 1 CACHE 20 NOORDER  NOCYCLE  NOKEEP  NOSCALE , 
	"GROUP_ID" NUMBER(11,0), 
	"PERMISSION_ID" NUMBER(11,0)
   ) SEGMENT CREATION DEFERRED 
  PCTFREE 10 PCTUSED 40 INITRANS 1 MAXTRANS 255 
 NOCOMPRESS LOGGING
  TABLESPACE "USERS" ;
--------------------------------------------------------
--  DDL for Table AUTH_PERMISSION
--------------------------------------------------------

  CREATE TABLE "TOSHIVEPET"."AUTH_PERMISSION" 
   (	"ID" NUMBER(11,0) GENERATED BY DEFAULT ON NULL AS IDENTITY MINVALUE 1 MAXVALUE 9999999999999999999999999999 INCREMENT BY 1 START WITH 1 CACHE 20 NOORDER  NOCYCLE  NOKEEP  NOSCALE , 
	"NAME" NVARCHAR2(255), 
	"CONTENT_TYPE_ID" NUMBER(11,0), 
	"CODENAME" NVARCHAR2(100)
   ) SEGMENT CREATION IMMEDIATE 
  PCTFREE 10 PCTUSED 40 INITRANS 1 MAXTRANS 255 
 NOCOMPRESS LOGGING
  STORAGE(INITIAL 65536 NEXT 1048576 MINEXTENTS 1 MAXEXTENTS 2147483645
  PCTINCREASE 0 FREELISTS 1 FREELIST GROUPS 1
  BUFFER_POOL DEFAULT FLASH_CACHE DEFAULT CELL_FLASH_CACHE DEFAULT)
  TABLESPACE "USERS" ;
--------------------------------------------------------
--  DDL for Table AUTHTOKEN_TOKEN
--------------------------------------------------------

  CREATE TABLE "TOSHIVEPET"."AUTHTOKEN_TOKEN" 
   (	"KEY" NVARCHAR2(40), 
	"CREATED" TIMESTAMP (6), 
	"USER_ID" NUMBER(11,0)
   ) SEGMENT CREATION DEFERRED 
  PCTFREE 10 PCTUSED 40 INITRANS 1 MAXTRANS 255 
 NOCOMPRESS LOGGING
  TABLESPACE "USERS" ;
--------------------------------------------------------
--  DDL for Table AUTH_USER
--------------------------------------------------------

  CREATE TABLE "TOSHIVEPET"."AUTH_USER" 
   (	"ID" NUMBER(11,0) GENERATED BY DEFAULT ON NULL AS IDENTITY MINVALUE 1 MAXVALUE 9999999999999999999999999999 INCREMENT BY 1 START WITH 1 CACHE 20 NOORDER  NOCYCLE  NOKEEP  NOSCALE , 
	"PASSWORD" NVARCHAR2(128), 
	"LAST_LOGIN" TIMESTAMP (6), 
	"IS_SUPERUSER" NUMBER(1,0), 
	"USERNAME" NVARCHAR2(150), 
	"FIRST_NAME" NVARCHAR2(30), 
	"LAST_NAME" NVARCHAR2(150), 
	"EMAIL" NVARCHAR2(254), 
	"IS_STAFF" NUMBER(1,0), 
	"IS_ACTIVE" NUMBER(1,0), 
	"DATE_JOINED" TIMESTAMP (6)
   ) SEGMENT CREATION IMMEDIATE 
  PCTFREE 10 PCTUSED 40 INITRANS 1 MAXTRANS 255 
 NOCOMPRESS LOGGING
  STORAGE(INITIAL 65536 NEXT 1048576 MINEXTENTS 1 MAXEXTENTS 2147483645
  PCTINCREASE 0 FREELISTS 1 FREELIST GROUPS 1
  BUFFER_POOL DEFAULT FLASH_CACHE DEFAULT CELL_FLASH_CACHE DEFAULT)
  TABLESPACE "USERS" ;
--------------------------------------------------------
--  DDL for Table AUTH_USER_GROUPS
--------------------------------------------------------

  CREATE TABLE "TOSHIVEPET"."AUTH_USER_GROUPS" 
   (	"ID" NUMBER(11,0) GENERATED BY DEFAULT ON NULL AS IDENTITY MINVALUE 1 MAXVALUE 9999999999999999999999999999 INCREMENT BY 1 START WITH 1 CACHE 20 NOORDER  NOCYCLE  NOKEEP  NOSCALE , 
	"USER_ID" NUMBER(11,0), 
	"GROUP_ID" NUMBER(11,0)
   ) SEGMENT CREATION DEFERRED 
  PCTFREE 10 PCTUSED 40 INITRANS 1 MAXTRANS 255 
 NOCOMPRESS LOGGING
  TABLESPACE "USERS" ;
--------------------------------------------------------
--  DDL for Table AUTH_USER_USER_PERMISSIONS
--------------------------------------------------------

  CREATE TABLE "TOSHIVEPET"."AUTH_USER_USER_PERMISSIONS" 
   (	"ID" NUMBER(11,0) GENERATED BY DEFAULT ON NULL AS IDENTITY MINVALUE 1 MAXVALUE 9999999999999999999999999999 INCREMENT BY 1 START WITH 1 CACHE 20 NOORDER  NOCYCLE  NOKEEP  NOSCALE , 
	"USER_ID" NUMBER(11,0), 
	"PERMISSION_ID" NUMBER(11,0)
   ) SEGMENT CREATION DEFERRED 
  PCTFREE 10 PCTUSED 40 INITRANS 1 MAXTRANS 255 
 NOCOMPRESS LOGGING
  TABLESPACE "USERS" ;
--------------------------------------------------------
--  DDL for Table CORE_COMUNA
--------------------------------------------------------

  CREATE TABLE "TOSHIVEPET"."CORE_COMUNA" 
   (	"CODIGOCOMUNA" NUMBER(11,0) GENERATED BY DEFAULT ON NULL AS IDENTITY MINVALUE 1 MAXVALUE 9999999999999999999999999999 INCREMENT BY 1 START WITH 1 CACHE 20 NOORDER  NOCYCLE  NOKEEP  NOSCALE , 
	"NOMBRECOMUNA" NVARCHAR2(30), 
	"REGION_ID" NUMBER(11,0)
   ) SEGMENT CREATION DEFERRED 
  PCTFREE 10 PCTUSED 40 INITRANS 1 MAXTRANS 255 
 NOCOMPRESS LOGGING
  TABLESPACE "USERS" ;
--------------------------------------------------------
--  DDL for Table CORE_DETALLEPEDIDO
--------------------------------------------------------

  CREATE TABLE "TOSHIVEPET"."CORE_DETALLEPEDIDO" 
   (	"IDDETALLE" NUMBER(11,0) GENERATED BY DEFAULT ON NULL AS IDENTITY MINVALUE 1 MAXVALUE 9999999999999999999999999999 INCREMENT BY 1 START WITH 1 CACHE 20 NOORDER  NOCYCLE  NOKEEP  NOSCALE , 
	"CANTIDAD" NUMBER(11,0), 
	"SUBTOTAL" NUMBER(10,2), 
	"PEDIDO_ID" NUMBER(11,0), 
	"PRODUCTO_ID" NUMBER(11,0)
   ) SEGMENT CREATION DEFERRED 
  PCTFREE 10 PCTUSED 40 INITRANS 1 MAXTRANS 255 
 NOCOMPRESS LOGGING
  TABLESPACE "USERS" ;
--------------------------------------------------------
--  DDL for Table CORE_DIRECCION
--------------------------------------------------------

  CREATE TABLE "TOSHIVEPET"."CORE_DIRECCION" 
   (	"IDDIRECCION" NUMBER(11,0) GENERATED BY DEFAULT ON NULL AS IDENTITY MINVALUE 1 MAXVALUE 9999999999999999999999999999 INCREMENT BY 1 START WITH 1 CACHE 20 NOORDER  NOCYCLE  NOKEEP  NOSCALE , 
	"NOMBRECALLE" NVARCHAR2(30), 
	"CODIGOPOSTAL" NVARCHAR2(40), 
	"COMUNA_ID" NUMBER(11,0), 
	"IDUSUARIO_ID" NUMBER(11,0)
   ) SEGMENT CREATION DEFERRED 
  PCTFREE 10 PCTUSED 40 INITRANS 1 MAXTRANS 255 
 NOCOMPRESS LOGGING
  TABLESPACE "USERS" ;
--------------------------------------------------------
--  DDL for Table CORE_PEDIDO
--------------------------------------------------------

  CREATE TABLE "TOSHIVEPET"."CORE_PEDIDO" 
   (	"IDPEDIDO" NUMBER(11,0) GENERATED BY DEFAULT ON NULL AS IDENTITY MINVALUE 1 MAXVALUE 9999999999999999999999999999 INCREMENT BY 1 START WITH 1 CACHE 20 NOORDER  NOCYCLE  NOKEEP  NOSCALE , 
	"FECHAPEDIDO" TIMESTAMP (6), 
	"FECHAENTREGA" TIMESTAMP (6), 
	"ESTADO" NVARCHAR2(50), 
	"TOTAL" NUMBER(10,2), 
	"IDDIRECCION_ID" NUMBER(11,0), 
	"USUARIO_ID" NUMBER(11,0)
   ) SEGMENT CREATION DEFERRED 
  PCTFREE 10 PCTUSED 40 INITRANS 1 MAXTRANS 255 
 NOCOMPRESS LOGGING
  TABLESPACE "USERS" ;
--------------------------------------------------------
--  DDL for Table CORE_PREGUNTA
--------------------------------------------------------

  CREATE TABLE "TOSHIVEPET"."CORE_PREGUNTA" 
   (	"IDPREGUNTA" NUMBER(11,0) GENERATED BY DEFAULT ON NULL AS IDENTITY MINVALUE 1 MAXVALUE 9999999999999999999999999999 INCREMENT BY 1 START WITH 1 CACHE 20 NOORDER  NOCYCLE  NOKEEP  NOSCALE , 
	"PREGUNTA" NVARCHAR2(100)
   ) SEGMENT CREATION IMMEDIATE 
  PCTFREE 10 PCTUSED 40 INITRANS 1 MAXTRANS 255 
 NOCOMPRESS LOGGING
  STORAGE(INITIAL 65536 NEXT 1048576 MINEXTENTS 1 MAXEXTENTS 2147483645
  PCTINCREASE 0 FREELISTS 1 FREELIST GROUPS 1
  BUFFER_POOL DEFAULT FLASH_CACHE DEFAULT CELL_FLASH_CACHE DEFAULT)
  TABLESPACE "USERS" ;
--------------------------------------------------------
--  DDL for Table CORE_PRODUCTO
--------------------------------------------------------

  CREATE TABLE "TOSHIVEPET"."CORE_PRODUCTO" 
   (	"IDPRODUCTO" NUMBER(11,0), 
	"NOMBREPRODUCTO" NVARCHAR2(300), 
	"DESCRIPCIONPRODUCTO" NVARCHAR2(500), 
	"STOCK" NUMBER(11,0), 
	"PRECIO" NUMBER(11,0), 
	"FOTO" NVARCHAR2(100), 
	"TIPO_ID" NUMBER(11,0)
   ) SEGMENT CREATION IMMEDIATE 
  PCTFREE 10 PCTUSED 40 INITRANS 1 MAXTRANS 255 
 NOCOMPRESS LOGGING
  STORAGE(INITIAL 65536 NEXT 1048576 MINEXTENTS 1 MAXEXTENTS 2147483645
  PCTINCREASE 0 FREELISTS 1 FREELIST GROUPS 1
  BUFFER_POOL DEFAULT FLASH_CACHE DEFAULT CELL_FLASH_CACHE DEFAULT)
  TABLESPACE "USERS" ;
--------------------------------------------------------
--  DDL for Table CORE_REGION
--------------------------------------------------------

  CREATE TABLE "TOSHIVEPET"."CORE_REGION" 
   (	"CODIGOREGION" NUMBER(11,0) GENERATED BY DEFAULT ON NULL AS IDENTITY MINVALUE 1 MAXVALUE 9999999999999999999999999999 INCREMENT BY 1 START WITH 1 CACHE 20 NOORDER  NOCYCLE  NOKEEP  NOSCALE , 
	"NOMBREREGION" NVARCHAR2(50)
   ) SEGMENT CREATION DEFERRED 
  PCTFREE 10 PCTUSED 40 INITRANS 1 MAXTRANS 255 
 NOCOMPRESS LOGGING
  TABLESPACE "USERS" ;
--------------------------------------------------------
--  DDL for Table CORE_ROL
--------------------------------------------------------

  CREATE TABLE "TOSHIVEPET"."CORE_ROL" 
   (	"IDROL" NUMBER(11,0) GENERATED BY DEFAULT ON NULL AS IDENTITY MINVALUE 1 MAXVALUE 9999999999999999999999999999 INCREMENT BY 1 START WITH 1 CACHE 20 NOORDER  NOCYCLE  NOKEEP  NOSCALE , 
	"NOMBREROL" NVARCHAR2(30)
   ) SEGMENT CREATION IMMEDIATE 
  PCTFREE 10 PCTUSED 40 INITRANS 1 MAXTRANS 255 
 NOCOMPRESS LOGGING
  STORAGE(INITIAL 65536 NEXT 1048576 MINEXTENTS 1 MAXEXTENTS 2147483645
  PCTINCREASE 0 FREELISTS 1 FREELIST GROUPS 1
  BUFFER_POOL DEFAULT FLASH_CACHE DEFAULT CELL_FLASH_CACHE DEFAULT)
  TABLESPACE "USERS" ;
--------------------------------------------------------
--  DDL for Table CORE_TIPO
--------------------------------------------------------

  CREATE TABLE "TOSHIVEPET"."CORE_TIPO" 
   (	"IDTIPO" NUMBER(11,0) GENERATED BY DEFAULT ON NULL AS IDENTITY MINVALUE 1 MAXVALUE 9999999999999999999999999999 INCREMENT BY 1 START WITH 1 CACHE 20 NOORDER  NOCYCLE  NOKEEP  NOSCALE , 
	"DESCRIPCION" NVARCHAR2(40)
   ) SEGMENT CREATION IMMEDIATE 
  PCTFREE 10 PCTUSED 40 INITRANS 1 MAXTRANS 255 
 NOCOMPRESS LOGGING
  STORAGE(INITIAL 65536 NEXT 1048576 MINEXTENTS 1 MAXEXTENTS 2147483645
  PCTINCREASE 0 FREELISTS 1 FREELIST GROUPS 1
  BUFFER_POOL DEFAULT FLASH_CACHE DEFAULT CELL_FLASH_CACHE DEFAULT)
  TABLESPACE "USERS" ;
--------------------------------------------------------
--  DDL for Table CORE_USUARIO
--------------------------------------------------------

  CREATE TABLE "TOSHIVEPET"."CORE_USUARIO" 
   (	"IDUSUARIO" NUMBER(11,0) GENERATED BY DEFAULT ON NULL AS IDENTITY MINVALUE 1 MAXVALUE 9999999999999999999999999999 INCREMENT BY 1 START WITH 1 CACHE 20 NOORDER  NOCYCLE  NOKEEP  NOSCALE , 
	"NOMBREUSUARIO" NVARCHAR2(50), 
	"CORREO" NVARCHAR2(40), 
	"TELEFONO" NVARCHAR2(20), 
	"CLAVE" NVARCHAR2(20), 
	"RESPUESTA" NVARCHAR2(20), 
	"IDPREGUNTA_ID" NUMBER(11,0), 
	"IDROL_ID" NUMBER(11,0)
   ) SEGMENT CREATION IMMEDIATE 
  PCTFREE 10 PCTUSED 40 INITRANS 1 MAXTRANS 255 
 NOCOMPRESS LOGGING
  STORAGE(INITIAL 65536 NEXT 1048576 MINEXTENTS 1 MAXEXTENTS 2147483645
  PCTINCREASE 0 FREELISTS 1 FREELIST GROUPS 1
  BUFFER_POOL DEFAULT FLASH_CACHE DEFAULT CELL_FLASH_CACHE DEFAULT)
  TABLESPACE "USERS" ;
--------------------------------------------------------
--  DDL for Table DJANGO_ADMIN_LOG
--------------------------------------------------------

  CREATE TABLE "TOSHIVEPET"."DJANGO_ADMIN_LOG" 
   (	"ID" NUMBER(11,0) GENERATED BY DEFAULT ON NULL AS IDENTITY MINVALUE 1 MAXVALUE 9999999999999999999999999999 INCREMENT BY 1 START WITH 1 CACHE 20 NOORDER  NOCYCLE  NOKEEP  NOSCALE , 
	"ACTION_TIME" TIMESTAMP (6), 
	"OBJECT_ID" NCLOB, 
	"OBJECT_REPR" NVARCHAR2(200), 
	"ACTION_FLAG" NUMBER(11,0), 
	"CHANGE_MESSAGE" NCLOB, 
	"CONTENT_TYPE_ID" NUMBER(11,0), 
	"USER_ID" NUMBER(11,0)
   ) SEGMENT CREATION IMMEDIATE 
  PCTFREE 10 PCTUSED 40 INITRANS 1 MAXTRANS 255 
 NOCOMPRESS LOGGING
  STORAGE(INITIAL 65536 NEXT 1048576 MINEXTENTS 1 MAXEXTENTS 2147483645
  PCTINCREASE 0 FREELISTS 1 FREELIST GROUPS 1
  BUFFER_POOL DEFAULT FLASH_CACHE DEFAULT CELL_FLASH_CACHE DEFAULT)
  TABLESPACE "USERS" 
 LOB ("OBJECT_ID") STORE AS SECUREFILE (
  TABLESPACE "USERS" ENABLE STORAGE IN ROW CHUNK 8192
  NOCACHE LOGGING  NOCOMPRESS  KEEP_DUPLICATES 
  STORAGE(INITIAL 106496 NEXT 1048576 MINEXTENTS 1 MAXEXTENTS 2147483645
  PCTINCREASE 0
  BUFFER_POOL DEFAULT FLASH_CACHE DEFAULT CELL_FLASH_CACHE DEFAULT)) 
 LOB ("CHANGE_MESSAGE") STORE AS SECUREFILE (
  TABLESPACE "USERS" ENABLE STORAGE IN ROW CHUNK 8192
  NOCACHE LOGGING  NOCOMPRESS  KEEP_DUPLICATES 
  STORAGE(INITIAL 106496 NEXT 1048576 MINEXTENTS 1 MAXEXTENTS 2147483645
  PCTINCREASE 0
  BUFFER_POOL DEFAULT FLASH_CACHE DEFAULT CELL_FLASH_CACHE DEFAULT)) ;
--------------------------------------------------------
--  DDL for Table DJANGO_CONTENT_TYPE
--------------------------------------------------------

  CREATE TABLE "TOSHIVEPET"."DJANGO_CONTENT_TYPE" 
   (	"ID" NUMBER(11,0) GENERATED BY DEFAULT ON NULL AS IDENTITY MINVALUE 1 MAXVALUE 9999999999999999999999999999 INCREMENT BY 1 START WITH 1 CACHE 20 NOORDER  NOCYCLE  NOKEEP  NOSCALE , 
	"APP_LABEL" NVARCHAR2(100), 
	"MODEL" NVARCHAR2(100)
   ) SEGMENT CREATION IMMEDIATE 
  PCTFREE 10 PCTUSED 40 INITRANS 1 MAXTRANS 255 
 NOCOMPRESS LOGGING
  STORAGE(INITIAL 65536 NEXT 1048576 MINEXTENTS 1 MAXEXTENTS 2147483645
  PCTINCREASE 0 FREELISTS 1 FREELIST GROUPS 1
  BUFFER_POOL DEFAULT FLASH_CACHE DEFAULT CELL_FLASH_CACHE DEFAULT)
  TABLESPACE "USERS" ;
--------------------------------------------------------
--  DDL for Table DJANGO_MIGRATIONS
--------------------------------------------------------

  CREATE TABLE "TOSHIVEPET"."DJANGO_MIGRATIONS" 
   (	"ID" NUMBER(11,0) GENERATED BY DEFAULT ON NULL AS IDENTITY MINVALUE 1 MAXVALUE 9999999999999999999999999999 INCREMENT BY 1 START WITH 1 CACHE 20 NOORDER  NOCYCLE  NOKEEP  NOSCALE , 
	"APP" NVARCHAR2(255), 
	"NAME" NVARCHAR2(255), 
	"APPLIED" TIMESTAMP (6)
   ) SEGMENT CREATION IMMEDIATE 
  PCTFREE 10 PCTUSED 40 INITRANS 1 MAXTRANS 255 
 NOCOMPRESS LOGGING
  STORAGE(INITIAL 65536 NEXT 1048576 MINEXTENTS 1 MAXEXTENTS 2147483645
  PCTINCREASE 0 FREELISTS 1 FREELIST GROUPS 1
  BUFFER_POOL DEFAULT FLASH_CACHE DEFAULT CELL_FLASH_CACHE DEFAULT)
  TABLESPACE "USERS" ;
--------------------------------------------------------
--  DDL for Table DJANGO_SESSION
--------------------------------------------------------

  CREATE TABLE "TOSHIVEPET"."DJANGO_SESSION" 
   (	"SESSION_KEY" NVARCHAR2(40), 
	"SESSION_DATA" NCLOB, 
	"EXPIRE_DATE" TIMESTAMP (6)
   ) SEGMENT CREATION IMMEDIATE 
  PCTFREE 10 PCTUSED 40 INITRANS 1 MAXTRANS 255 
 NOCOMPRESS LOGGING
  STORAGE(INITIAL 65536 NEXT 1048576 MINEXTENTS 1 MAXEXTENTS 2147483645
  PCTINCREASE 0 FREELISTS 1 FREELIST GROUPS 1
  BUFFER_POOL DEFAULT FLASH_CACHE DEFAULT CELL_FLASH_CACHE DEFAULT)
  TABLESPACE "USERS" 
 LOB ("SESSION_DATA") STORE AS SECUREFILE (
  TABLESPACE "USERS" ENABLE STORAGE IN ROW CHUNK 8192
  NOCACHE LOGGING  NOCOMPRESS  KEEP_DUPLICATES 
  STORAGE(INITIAL 106496 NEXT 1048576 MINEXTENTS 1 MAXEXTENTS 2147483645
  PCTINCREASE 0
  BUFFER_POOL DEFAULT FLASH_CACHE DEFAULT CELL_FLASH_CACHE DEFAULT)) ;
REM INSERTING into TOSHIVEPET.AUTH_GROUP
SET DEFINE OFF;
REM INSERTING into TOSHIVEPET.AUTH_GROUP_PERMISSIONS
SET DEFINE OFF;
REM INSERTING into TOSHIVEPET.AUTH_PERMISSION
SET DEFINE OFF;
Insert into TOSHIVEPET.AUTH_PERMISSION (ID,NAME,CONTENT_TYPE_ID,CODENAME) values ('1','Can add log entry','1','add_logentry');
Insert into TOSHIVEPET.AUTH_PERMISSION (ID,NAME,CONTENT_TYPE_ID,CODENAME) values ('2','Can change log entry','1','change_logentry');
Insert into TOSHIVEPET.AUTH_PERMISSION (ID,NAME,CONTENT_TYPE_ID,CODENAME) values ('3','Can delete log entry','1','delete_logentry');
Insert into TOSHIVEPET.AUTH_PERMISSION (ID,NAME,CONTENT_TYPE_ID,CODENAME) values ('4','Can view log entry','1','view_logentry');
Insert into TOSHIVEPET.AUTH_PERMISSION (ID,NAME,CONTENT_TYPE_ID,CODENAME) values ('5','Can add permission','2','add_permission');
Insert into TOSHIVEPET.AUTH_PERMISSION (ID,NAME,CONTENT_TYPE_ID,CODENAME) values ('6','Can change permission','2','change_permission');
Insert into TOSHIVEPET.AUTH_PERMISSION (ID,NAME,CONTENT_TYPE_ID,CODENAME) values ('7','Can delete permission','2','delete_permission');
Insert into TOSHIVEPET.AUTH_PERMISSION (ID,NAME,CONTENT_TYPE_ID,CODENAME) values ('8','Can view permission','2','view_permission');
Insert into TOSHIVEPET.AUTH_PERMISSION (ID,NAME,CONTENT_TYPE_ID,CODENAME) values ('9','Can add group','3','add_group');
Insert into TOSHIVEPET.AUTH_PERMISSION (ID,NAME,CONTENT_TYPE_ID,CODENAME) values ('10','Can change group','3','change_group');
Insert into TOSHIVEPET.AUTH_PERMISSION (ID,NAME,CONTENT_TYPE_ID,CODENAME) values ('11','Can delete group','3','delete_group');
Insert into TOSHIVEPET.AUTH_PERMISSION (ID,NAME,CONTENT_TYPE_ID,CODENAME) values ('12','Can view group','3','view_group');
Insert into TOSHIVEPET.AUTH_PERMISSION (ID,NAME,CONTENT_TYPE_ID,CODENAME) values ('13','Can add user','4','add_user');
Insert into TOSHIVEPET.AUTH_PERMISSION (ID,NAME,CONTENT_TYPE_ID,CODENAME) values ('14','Can change user','4','change_user');
Insert into TOSHIVEPET.AUTH_PERMISSION (ID,NAME,CONTENT_TYPE_ID,CODENAME) values ('15','Can delete user','4','delete_user');
Insert into TOSHIVEPET.AUTH_PERMISSION (ID,NAME,CONTENT_TYPE_ID,CODENAME) values ('16','Can view user','4','view_user');
Insert into TOSHIVEPET.AUTH_PERMISSION (ID,NAME,CONTENT_TYPE_ID,CODENAME) values ('17','Can add content type','5','add_contenttype');
Insert into TOSHIVEPET.AUTH_PERMISSION (ID,NAME,CONTENT_TYPE_ID,CODENAME) values ('18','Can change content type','5','change_contenttype');
Insert into TOSHIVEPET.AUTH_PERMISSION (ID,NAME,CONTENT_TYPE_ID,CODENAME) values ('19','Can delete content type','5','delete_contenttype');
Insert into TOSHIVEPET.AUTH_PERMISSION (ID,NAME,CONTENT_TYPE_ID,CODENAME) values ('20','Can view content type','5','view_contenttype');
Insert into TOSHIVEPET.AUTH_PERMISSION (ID,NAME,CONTENT_TYPE_ID,CODENAME) values ('21','Can add session','6','add_session');
Insert into TOSHIVEPET.AUTH_PERMISSION (ID,NAME,CONTENT_TYPE_ID,CODENAME) values ('22','Can change session','6','change_session');
Insert into TOSHIVEPET.AUTH_PERMISSION (ID,NAME,CONTENT_TYPE_ID,CODENAME) values ('23','Can delete session','6','delete_session');
Insert into TOSHIVEPET.AUTH_PERMISSION (ID,NAME,CONTENT_TYPE_ID,CODENAME) values ('24','Can view session','6','view_session');
Insert into TOSHIVEPET.AUTH_PERMISSION (ID,NAME,CONTENT_TYPE_ID,CODENAME) values ('25','Can add comuna','7','add_comuna');
Insert into TOSHIVEPET.AUTH_PERMISSION (ID,NAME,CONTENT_TYPE_ID,CODENAME) values ('26','Can change comuna','7','change_comuna');
Insert into TOSHIVEPET.AUTH_PERMISSION (ID,NAME,CONTENT_TYPE_ID,CODENAME) values ('27','Can delete comuna','7','delete_comuna');
Insert into TOSHIVEPET.AUTH_PERMISSION (ID,NAME,CONTENT_TYPE_ID,CODENAME) values ('28','Can view comuna','7','view_comuna');
Insert into TOSHIVEPET.AUTH_PERMISSION (ID,NAME,CONTENT_TYPE_ID,CODENAME) values ('29','Can add direccion','8','add_direccion');
Insert into TOSHIVEPET.AUTH_PERMISSION (ID,NAME,CONTENT_TYPE_ID,CODENAME) values ('30','Can change direccion','8','change_direccion');
Insert into TOSHIVEPET.AUTH_PERMISSION (ID,NAME,CONTENT_TYPE_ID,CODENAME) values ('31','Can delete direccion','8','delete_direccion');
Insert into TOSHIVEPET.AUTH_PERMISSION (ID,NAME,CONTENT_TYPE_ID,CODENAME) values ('32','Can view direccion','8','view_direccion');
Insert into TOSHIVEPET.AUTH_PERMISSION (ID,NAME,CONTENT_TYPE_ID,CODENAME) values ('33','Can add pregunta','9','add_pregunta');
Insert into TOSHIVEPET.AUTH_PERMISSION (ID,NAME,CONTENT_TYPE_ID,CODENAME) values ('34','Can change pregunta','9','change_pregunta');
Insert into TOSHIVEPET.AUTH_PERMISSION (ID,NAME,CONTENT_TYPE_ID,CODENAME) values ('35','Can delete pregunta','9','delete_pregunta');
Insert into TOSHIVEPET.AUTH_PERMISSION (ID,NAME,CONTENT_TYPE_ID,CODENAME) values ('36','Can view pregunta','9','view_pregunta');
Insert into TOSHIVEPET.AUTH_PERMISSION (ID,NAME,CONTENT_TYPE_ID,CODENAME) values ('37','Can add region','10','add_region');
Insert into TOSHIVEPET.AUTH_PERMISSION (ID,NAME,CONTENT_TYPE_ID,CODENAME) values ('38','Can change region','10','change_region');
Insert into TOSHIVEPET.AUTH_PERMISSION (ID,NAME,CONTENT_TYPE_ID,CODENAME) values ('39','Can delete region','10','delete_region');
Insert into TOSHIVEPET.AUTH_PERMISSION (ID,NAME,CONTENT_TYPE_ID,CODENAME) values ('40','Can view region','10','view_region');
Insert into TOSHIVEPET.AUTH_PERMISSION (ID,NAME,CONTENT_TYPE_ID,CODENAME) values ('41','Can add rol','11','add_rol');
Insert into TOSHIVEPET.AUTH_PERMISSION (ID,NAME,CONTENT_TYPE_ID,CODENAME) values ('42','Can change rol','11','change_rol');
Insert into TOSHIVEPET.AUTH_PERMISSION (ID,NAME,CONTENT_TYPE_ID,CODENAME) values ('43','Can delete rol','11','delete_rol');
Insert into TOSHIVEPET.AUTH_PERMISSION (ID,NAME,CONTENT_TYPE_ID,CODENAME) values ('44','Can view rol','11','view_rol');
Insert into TOSHIVEPET.AUTH_PERMISSION (ID,NAME,CONTENT_TYPE_ID,CODENAME) values ('45','Can add tipo','12','add_tipo');
Insert into TOSHIVEPET.AUTH_PERMISSION (ID,NAME,CONTENT_TYPE_ID,CODENAME) values ('46','Can change tipo','12','change_tipo');
Insert into TOSHIVEPET.AUTH_PERMISSION (ID,NAME,CONTENT_TYPE_ID,CODENAME) values ('47','Can delete tipo','12','delete_tipo');
Insert into TOSHIVEPET.AUTH_PERMISSION (ID,NAME,CONTENT_TYPE_ID,CODENAME) values ('48','Can view tipo','12','view_tipo');
Insert into TOSHIVEPET.AUTH_PERMISSION (ID,NAME,CONTENT_TYPE_ID,CODENAME) values ('49','Can add usuario','13','add_usuario');
Insert into TOSHIVEPET.AUTH_PERMISSION (ID,NAME,CONTENT_TYPE_ID,CODENAME) values ('50','Can change usuario','13','change_usuario');
Insert into TOSHIVEPET.AUTH_PERMISSION (ID,NAME,CONTENT_TYPE_ID,CODENAME) values ('51','Can delete usuario','13','delete_usuario');
Insert into TOSHIVEPET.AUTH_PERMISSION (ID,NAME,CONTENT_TYPE_ID,CODENAME) values ('52','Can view usuario','13','view_usuario');
Insert into TOSHIVEPET.AUTH_PERMISSION (ID,NAME,CONTENT_TYPE_ID,CODENAME) values ('53','Can add producto','14','add_producto');
Insert into TOSHIVEPET.AUTH_PERMISSION (ID,NAME,CONTENT_TYPE_ID,CODENAME) values ('54','Can change producto','14','change_producto');
Insert into TOSHIVEPET.AUTH_PERMISSION (ID,NAME,CONTENT_TYPE_ID,CODENAME) values ('55','Can delete producto','14','delete_producto');
Insert into TOSHIVEPET.AUTH_PERMISSION (ID,NAME,CONTENT_TYPE_ID,CODENAME) values ('56','Can view producto','14','view_producto');
Insert into TOSHIVEPET.AUTH_PERMISSION (ID,NAME,CONTENT_TYPE_ID,CODENAME) values ('57','Can add pedido','15','add_pedido');
Insert into TOSHIVEPET.AUTH_PERMISSION (ID,NAME,CONTENT_TYPE_ID,CODENAME) values ('58','Can change pedido','15','change_pedido');
Insert into TOSHIVEPET.AUTH_PERMISSION (ID,NAME,CONTENT_TYPE_ID,CODENAME) values ('59','Can delete pedido','15','delete_pedido');
Insert into TOSHIVEPET.AUTH_PERMISSION (ID,NAME,CONTENT_TYPE_ID,CODENAME) values ('60','Can view pedido','15','view_pedido');
Insert into TOSHIVEPET.AUTH_PERMISSION (ID,NAME,CONTENT_TYPE_ID,CODENAME) values ('61','Can add detalle pedido','16','add_detallepedido');
Insert into TOSHIVEPET.AUTH_PERMISSION (ID,NAME,CONTENT_TYPE_ID,CODENAME) values ('62','Can change detalle pedido','16','change_detallepedido');
Insert into TOSHIVEPET.AUTH_PERMISSION (ID,NAME,CONTENT_TYPE_ID,CODENAME) values ('63','Can delete detalle pedido','16','delete_detallepedido');
Insert into TOSHIVEPET.AUTH_PERMISSION (ID,NAME,CONTENT_TYPE_ID,CODENAME) values ('64','Can view detalle pedido','16','view_detallepedido');
Insert into TOSHIVEPET.AUTH_PERMISSION (ID,NAME,CONTENT_TYPE_ID,CODENAME) values ('65','Can add Token','17','add_token');
Insert into TOSHIVEPET.AUTH_PERMISSION (ID,NAME,CONTENT_TYPE_ID,CODENAME) values ('66','Can change Token','17','change_token');
Insert into TOSHIVEPET.AUTH_PERMISSION (ID,NAME,CONTENT_TYPE_ID,CODENAME) values ('67','Can delete Token','17','delete_token');
Insert into TOSHIVEPET.AUTH_PERMISSION (ID,NAME,CONTENT_TYPE_ID,CODENAME) values ('68','Can view Token','17','view_token');
Insert into TOSHIVEPET.AUTH_PERMISSION (ID,NAME,CONTENT_TYPE_ID,CODENAME) values ('69','Can add token','18','add_tokenproxy');
Insert into TOSHIVEPET.AUTH_PERMISSION (ID,NAME,CONTENT_TYPE_ID,CODENAME) values ('70','Can change token','18','change_tokenproxy');
Insert into TOSHIVEPET.AUTH_PERMISSION (ID,NAME,CONTENT_TYPE_ID,CODENAME) values ('71','Can delete token','18','delete_tokenproxy');
Insert into TOSHIVEPET.AUTH_PERMISSION (ID,NAME,CONTENT_TYPE_ID,CODENAME) values ('72','Can view token','18','view_tokenproxy');
REM INSERTING into TOSHIVEPET.AUTHTOKEN_TOKEN
SET DEFINE OFF;
REM INSERTING into TOSHIVEPET.AUTH_USER
SET DEFINE OFF;
Insert into TOSHIVEPET.AUTH_USER (ID,PASSWORD,LAST_LOGIN,IS_SUPERUSER,USERNAME,FIRST_NAME,LAST_NAME,EMAIL,IS_STAFF,IS_ACTIVE,DATE_JOINED) values ('3','pbkdf2_sha256$180000$St6DXWmn3VUA$yBgUHjcdFQI3PHo6ErPsh6MitaHrA7hT7Xi3YXLYni8=',to_timestamp('09/07/23 23:11:07,089283000','DD/MM/RR HH24:MI:SSXFF'),'0','PruebaDos@gmail.com',null,'Prueba Dos','PruebaDos@gmail.com','0','1',to_timestamp('09/07/23 23:01:51,377206000','DD/MM/RR HH24:MI:SSXFF'));
Insert into TOSHIVEPET.AUTH_USER (ID,PASSWORD,LAST_LOGIN,IS_SUPERUSER,USERNAME,FIRST_NAME,LAST_NAME,EMAIL,IS_STAFF,IS_ACTIVE,DATE_JOINED) values ('1','pbkdf2_sha256$180000$AtgwCYA94yNo$ejrA+Qoxut4e4XS2zl/spLlO55iRccQdcD02V5sVRH0=',to_timestamp('09/07/23 23:02:22,650750000','DD/MM/RR HH24:MI:SSXFF'),'1','toshive',null,null,'a@a.cl','1','1',to_timestamp('09/07/23 22:51:00,950544000','DD/MM/RR HH24:MI:SSXFF'));
Insert into TOSHIVEPET.AUTH_USER (ID,PASSWORD,LAST_LOGIN,IS_SUPERUSER,USERNAME,FIRST_NAME,LAST_NAME,EMAIL,IS_STAFF,IS_ACTIVE,DATE_JOINED) values ('2','pbkdf2_sha256$180000$xelpSMk420Lb$VEwJhEmWYA+umwJg5AhNrOuXaGDYuPFFc4ojrC555eo=',to_timestamp('09/07/23 23:07:48,164851000','DD/MM/RR HH24:MI:SSXFF'),'1','PruebaUno@gmail.com',null,'PruebaUno','PruebaUno@gmail.com','0','1',to_timestamp('09/07/23 22:55:16,121910000','DD/MM/RR HH24:MI:SSXFF'));
REM INSERTING into TOSHIVEPET.AUTH_USER_GROUPS
SET DEFINE OFF;
REM INSERTING into TOSHIVEPET.AUTH_USER_USER_PERMISSIONS
SET DEFINE OFF;
REM INSERTING into TOSHIVEPET.CORE_COMUNA
SET DEFINE OFF;
REM INSERTING into TOSHIVEPET.CORE_DETALLEPEDIDO
SET DEFINE OFF;
REM INSERTING into TOSHIVEPET.CORE_DIRECCION
SET DEFINE OFF;
REM INSERTING into TOSHIVEPET.CORE_PEDIDO
SET DEFINE OFF;
REM INSERTING into TOSHIVEPET.CORE_PREGUNTA
SET DEFINE OFF;
Insert into TOSHIVEPET.CORE_PREGUNTA (IDPREGUNTA,PREGUNTA) values ('1','¿Cúal es el primer nombre de tu madre?');
Insert into TOSHIVEPET.CORE_PREGUNTA (IDPREGUNTA,PREGUNTA) values ('2','¿Cúal es el primer nombre de tu padre?');
Insert into TOSHIVEPET.CORE_PREGUNTA (IDPREGUNTA,PREGUNTA) values ('3','¿Cúal es el nombre de tu mascota?');
Insert into TOSHIVEPET.CORE_PREGUNTA (IDPREGUNTA,PREGUNTA) values ('4','¿Cúal es el primer nombre de tu hermano(a)?');
REM INSERTING into TOSHIVEPET.CORE_PRODUCTO
SET DEFINE OFF;
Insert into TOSHIVEPET.CORE_PRODUCTO (IDPRODUCTO,NOMBREPRODUCTO,DESCRIPCIONPRODUCTO,STOCK,PRECIO,FOTO,TIPO_ID) values ('2121','Bebedero Paseo 500ml','Botella con bebedero incluido el cuál permitirá que su mascota pueda beber agua de forma cómoda','10','5490','toshibedjango/bebedero_paseo.jpg','1');
Insert into TOSHIVEPET.CORE_PRODUCTO (IDPRODUCTO,NOMBREPRODUCTO,DESCRIPCIONPRODUCTO,STOCK,PRECIO,FOTO,TIPO_ID) values ('2222','Dispensador Bolsa Fecal Earth Rated Sin Olor','Earth Rated Dispensador + Rollo De Recarga 15 Bolsas 13X9 Sin Olor. Trae un gancho en la parte posterior el cual se puede                  aderir a la parte que mas le acomode, logrando así tener las manos totalmente desocupadas','8','3990','toshibedjango/bolsa_fecal.jpg','1');
Insert into TOSHIVEPET.CORE_PRODUCTO (IDPRODUCTO,NOMBREPRODUCTO,DESCRIPCIONPRODUCTO,STOCK,PRECIO,FOTO,TIPO_ID) values ('2323','Filtro Catit Fuente Filtro Dual Action','Filtro para bebedero, retiene sedimentos y desperdicios. El carbón activo ayuda a reducir olores y absorbe las impurezas presentes en el agua del grifo','10','6500','toshibedjango/catit_filtro.jpg','1');
Insert into TOSHIVEPET.CORE_PRODUCTO (IDPRODUCTO,NOMBREPRODUCTO,DESCRIPCIONPRODUCTO,STOCK,PRECIO,FOTO,TIPO_ID) values ('1111','Brit Care Dog Champion Salmon and Herring 12KG','Fórmula hipoalergénica para mantener a los perros de exhibición en excelente condición.                     Todos los perros pasan por períodos en los que, debido a los cambios en la rutina o condición, la nutrición regular no es su?ciente','7','62990','toshibedjango/dog_show_champion.jpg','3');
Insert into TOSHIVEPET.CORE_PRODUCTO (IDPRODUCTO,NOMBREPRODUCTO,DESCRIPCIONPRODUCTO,STOCK,PRECIO,FOTO,TIPO_ID) values ('1313','Pedigree Alimento Seco Perro Adulto Carne Pollo y Cereal 3kg','Pedigree® Adulto Etapa 2 sabor carne y vegetales es alimento seco 100% completo y balanceado, elaborado con fibras naturales y proteínas de calidad para acompañar a tu perro en su etapa adulta','15','12290','toshibedjango/pedigree-adulto.png','3');
Insert into TOSHIVEPET.CORE_PRODUCTO (IDPRODUCTO,NOMBREPRODUCTO,DESCRIPCIONPRODUCTO,STOCK,PRECIO,FOTO,TIPO_ID) values ('1414','Whiskas Adulto Sabor Carne 3KG','El nuevo alimento para gatos Whiskas sabor Carne, es ideal para gatos en etapa adulta. El alimento para gatos Whiskas es nutricionalmente completo y balanceado, con el equilibrio óptimo de vitaminas y minerales para ayudar a brindar el mejor cuidado de tu gato adulto','14','9990','toshibedjango/whiskas.jpg','3');
Insert into TOSHIVEPET.CORE_PRODUCTO (IDPRODUCTO,NOMBREPRODUCTO,DESCRIPCIONPRODUCTO,STOCK,PRECIO,FOTO,TIPO_ID) values ('3131','Bola Con Textura The Cat Band','Las pelotas de The Cat Band son uno de los juguetes favoritos para tu gato porque le proporciona mucha actividad física, juegos y diversión. Cuando las pelotas se mueven y ruedan por el suelo, consigue llamar la atención de tu felino, corre para atrapar la pelota, será todo un reto para él','5','2990','toshibedjango/bola_gato.jpg','2');
Insert into TOSHIVEPET.CORE_PRODUCTO (IDPRODUCTO,NOMBREPRODUCTO,DESCRIPCIONPRODUCTO,STOCK,PRECIO,FOTO,TIPO_ID) values ('3232','Frisbee Afp Outdoor Anti-Bite Flier','Juguete frisbee para perros marca AFP Hecho con TPR anti-mordidas, flexible y amable con los dientes de tu perro. Con un vuelo preciso muy entretenido para tu perro y para ti. Es uno de los mejores frisbee suave, flexible y fabricado con TPR','7','9990','toshibedjango/Frisbee.jpg','2');
Insert into TOSHIVEPET.CORE_PRODUCTO (IDPRODUCTO,NOMBREPRODUCTO,DESCRIPCIONPRODUCTO,STOCK,PRECIO,FOTO,TIPO_ID) values ('3333','Gigwi Melody Chaser Mapache','Divertido juguete de la línea “Melody Chaser” en forma de tubo con diseño de Mapache y con sonido que se activa al movimiento. Además trae plumas y un juguete en su interior para aumentar la diversión. Diseñado para satisfacer el instinto de caza y para mantenerlo en sus patas','3','9990','toshibedjango/gigwi_gato.jpg','2');
Insert into TOSHIVEPET.CORE_PRODUCTO (IDPRODUCTO,NOMBREPRODUCTO,DESCRIPCIONPRODUCTO,STOCK,PRECIO,FOTO,TIPO_ID) values ('3434','Planet Dog Hueso','Planet Dog Hueso es un juguete fabricado con un material no-tóxico y reciclable y con un agradable olor a menta. Para los masticadores amantes del medio ambiente y de olores deliciosos','5','17990','toshibedjango/huesop.jpg','2');
Insert into TOSHIVEPET.CORE_PRODUCTO (IDPRODUCTO,NOMBREPRODUCTO,DESCRIPCIONPRODUCTO,STOCK,PRECIO,FOTO,TIPO_ID) values ('1212','Acana Bountiful Catch Cat 4.5kg','Acana Bountiful Catch Cat es un alimento completo para gatos adultos formulado con una combinación de distintos pescados frescos, combinado con otros ingredientes llenos de proteínas y nutrientes que proporcionan a su gato todo lo que necesita para que esté sano y enérgico','9','62990','toshibedjango/Acana_Cat.jpg','3');
Insert into TOSHIVEPET.CORE_PRODUCTO (IDPRODUCTO,NOMBREPRODUCTO,DESCRIPCIONPRODUCTO,STOCK,PRECIO,FOTO,TIPO_ID) values ('2424','Collar zee.cat','Los collares Zee Cat son modernos y con diseños innovadores, ideales para gatos que tienen la elegancia a flor de piel,                     están hechos de poliéster blando y comodo para tu felino, teniendo una  hebilla separable que se abre automáticamente en caso de atrape','11','4990','toshibedjango/collar_gato.jpg','1');
REM INSERTING into TOSHIVEPET.CORE_REGION
SET DEFINE OFF;
REM INSERTING into TOSHIVEPET.CORE_ROL
SET DEFINE OFF;
Insert into TOSHIVEPET.CORE_ROL (IDROL,NOMBREROL) values ('1','Administrador');
Insert into TOSHIVEPET.CORE_ROL (IDROL,NOMBREROL) values ('2','Cliente');
REM INSERTING into TOSHIVEPET.CORE_TIPO
SET DEFINE OFF;
Insert into TOSHIVEPET.CORE_TIPO (IDTIPO,DESCRIPCION) values ('2','Juguete');
Insert into TOSHIVEPET.CORE_TIPO (IDTIPO,DESCRIPCION) values ('3','Comida');
Insert into TOSHIVEPET.CORE_TIPO (IDTIPO,DESCRIPCION) values ('1','Accesorio');
REM INSERTING into TOSHIVEPET.CORE_USUARIO
SET DEFINE OFF;
Insert into TOSHIVEPET.CORE_USUARIO (IDUSUARIO,NOMBREUSUARIO,CORREO,TELEFONO,CLAVE,RESPUESTA,IDPREGUNTA_ID,IDROL_ID) values ('2','Prueba Dos','PruebaDos@gmail.com','123451234','pruebaDos123','Prueba Dos','1','2');
Insert into TOSHIVEPET.CORE_USUARIO (IDUSUARIO,NOMBREUSUARIO,CORREO,TELEFONO,CLAVE,RESPUESTA,IDPREGUNTA_ID,IDROL_ID) values ('1','Prueba Uno','PruebaUno@gmail.com','123456789','pruebaUno1234','PruebaUno','1','1');
REM INSERTING into TOSHIVEPET.DJANGO_ADMIN_LOG
SET DEFINE OFF;
Insert into TOSHIVEPET.DJANGO_ADMIN_LOG (ID,ACTION_TIME,OBJECT_REPR,ACTION_FLAG,CONTENT_TYPE_ID,USER_ID) values ('1',to_timestamp('09/07/23 23:02:34,925321000','DD/MM/RR HH24:MI:SSXFF'),'Prueba Uno','2','13','1');
REM INSERTING into TOSHIVEPET.DJANGO_CONTENT_TYPE
SET DEFINE OFF;
Insert into TOSHIVEPET.DJANGO_CONTENT_TYPE (ID,APP_LABEL,MODEL) values ('1','admin','logentry');
Insert into TOSHIVEPET.DJANGO_CONTENT_TYPE (ID,APP_LABEL,MODEL) values ('2','auth','permission');
Insert into TOSHIVEPET.DJANGO_CONTENT_TYPE (ID,APP_LABEL,MODEL) values ('3','auth','group');
Insert into TOSHIVEPET.DJANGO_CONTENT_TYPE (ID,APP_LABEL,MODEL) values ('4','auth','user');
Insert into TOSHIVEPET.DJANGO_CONTENT_TYPE (ID,APP_LABEL,MODEL) values ('5','contenttypes','contenttype');
Insert into TOSHIVEPET.DJANGO_CONTENT_TYPE (ID,APP_LABEL,MODEL) values ('6','sessions','session');
Insert into TOSHIVEPET.DJANGO_CONTENT_TYPE (ID,APP_LABEL,MODEL) values ('7','core','comuna');
Insert into TOSHIVEPET.DJANGO_CONTENT_TYPE (ID,APP_LABEL,MODEL) values ('8','core','direccion');
Insert into TOSHIVEPET.DJANGO_CONTENT_TYPE (ID,APP_LABEL,MODEL) values ('9','core','pregunta');
Insert into TOSHIVEPET.DJANGO_CONTENT_TYPE (ID,APP_LABEL,MODEL) values ('10','core','region');
Insert into TOSHIVEPET.DJANGO_CONTENT_TYPE (ID,APP_LABEL,MODEL) values ('11','core','rol');
Insert into TOSHIVEPET.DJANGO_CONTENT_TYPE (ID,APP_LABEL,MODEL) values ('12','core','tipo');
Insert into TOSHIVEPET.DJANGO_CONTENT_TYPE (ID,APP_LABEL,MODEL) values ('13','core','usuario');
Insert into TOSHIVEPET.DJANGO_CONTENT_TYPE (ID,APP_LABEL,MODEL) values ('14','core','producto');
Insert into TOSHIVEPET.DJANGO_CONTENT_TYPE (ID,APP_LABEL,MODEL) values ('15','core','pedido');
Insert into TOSHIVEPET.DJANGO_CONTENT_TYPE (ID,APP_LABEL,MODEL) values ('16','core','detallepedido');
Insert into TOSHIVEPET.DJANGO_CONTENT_TYPE (ID,APP_LABEL,MODEL) values ('17','authtoken','token');
Insert into TOSHIVEPET.DJANGO_CONTENT_TYPE (ID,APP_LABEL,MODEL) values ('18','authtoken','tokenproxy');
REM INSERTING into TOSHIVEPET.DJANGO_MIGRATIONS
SET DEFINE OFF;
Insert into TOSHIVEPET.DJANGO_MIGRATIONS (ID,APP,NAME,APPLIED) values ('1','contenttypes','0001_initial',to_timestamp('09/07/23 22:50:40,085442000','DD/MM/RR HH24:MI:SSXFF'));
Insert into TOSHIVEPET.DJANGO_MIGRATIONS (ID,APP,NAME,APPLIED) values ('2','auth','0001_initial',to_timestamp('09/07/23 22:50:40,241204000','DD/MM/RR HH24:MI:SSXFF'));
Insert into TOSHIVEPET.DJANGO_MIGRATIONS (ID,APP,NAME,APPLIED) values ('3','admin','0001_initial',to_timestamp('09/07/23 22:50:40,483544000','DD/MM/RR HH24:MI:SSXFF'));
Insert into TOSHIVEPET.DJANGO_MIGRATIONS (ID,APP,NAME,APPLIED) values ('4','admin','0002_logentry_remove_auto_add',to_timestamp('09/07/23 22:50:40,541533000','DD/MM/RR HH24:MI:SSXFF'));
Insert into TOSHIVEPET.DJANGO_MIGRATIONS (ID,APP,NAME,APPLIED) values ('5','admin','0003_logentry_add_action_flag_choices',to_timestamp('09/07/23 22:50:40,566541000','DD/MM/RR HH24:MI:SSXFF'));
Insert into TOSHIVEPET.DJANGO_MIGRATIONS (ID,APP,NAME,APPLIED) values ('6','contenttypes','0002_remove_content_type_name',to_timestamp('09/07/23 22:50:41,084541000','DD/MM/RR HH24:MI:SSXFF'));
Insert into TOSHIVEPET.DJANGO_MIGRATIONS (ID,APP,NAME,APPLIED) values ('7','auth','0002_alter_permission_name_max_length',to_timestamp('09/07/23 22:50:41,134231000','DD/MM/RR HH24:MI:SSXFF'));
Insert into TOSHIVEPET.DJANGO_MIGRATIONS (ID,APP,NAME,APPLIED) values ('8','auth','0003_alter_user_email_max_length',to_timestamp('09/07/23 22:50:41,178234000','DD/MM/RR HH24:MI:SSXFF'));
Insert into TOSHIVEPET.DJANGO_MIGRATIONS (ID,APP,NAME,APPLIED) values ('9','auth','0004_alter_user_username_opts',to_timestamp('09/07/23 22:50:41,202238000','DD/MM/RR HH24:MI:SSXFF'));
Insert into TOSHIVEPET.DJANGO_MIGRATIONS (ID,APP,NAME,APPLIED) values ('10','auth','0005_alter_user_last_login_null',to_timestamp('09/07/23 22:50:41,238240000','DD/MM/RR HH24:MI:SSXFF'));
Insert into TOSHIVEPET.DJANGO_MIGRATIONS (ID,APP,NAME,APPLIED) values ('11','auth','0006_require_contenttypes_0002',to_timestamp('09/07/23 22:50:41,256240000','DD/MM/RR HH24:MI:SSXFF'));
Insert into TOSHIVEPET.DJANGO_MIGRATIONS (ID,APP,NAME,APPLIED) values ('12','auth','0007_alter_validators_add_error_messages',to_timestamp('09/07/23 22:50:41,279242000','DD/MM/RR HH24:MI:SSXFF'));
Insert into TOSHIVEPET.DJANGO_MIGRATIONS (ID,APP,NAME,APPLIED) values ('13','auth','0008_alter_user_username_max_length',to_timestamp('09/07/23 22:50:41,307244000','DD/MM/RR HH24:MI:SSXFF'));
Insert into TOSHIVEPET.DJANGO_MIGRATIONS (ID,APP,NAME,APPLIED) values ('14','auth','0009_alter_user_last_name_max_length',to_timestamp('09/07/23 22:50:41,339246000','DD/MM/RR HH24:MI:SSXFF'));
Insert into TOSHIVEPET.DJANGO_MIGRATIONS (ID,APP,NAME,APPLIED) values ('15','auth','0010_alter_group_name_max_length',to_timestamp('09/07/23 22:50:41,378325000','DD/MM/RR HH24:MI:SSXFF'));
Insert into TOSHIVEPET.DJANGO_MIGRATIONS (ID,APP,NAME,APPLIED) values ('16','auth','0011_update_proxy_permissions',to_timestamp('09/07/23 22:50:41,402326000','DD/MM/RR HH24:MI:SSXFF'));
Insert into TOSHIVEPET.DJANGO_MIGRATIONS (ID,APP,NAME,APPLIED) values ('17','authtoken','0001_initial',to_timestamp('09/07/23 22:50:41,484368000','DD/MM/RR HH24:MI:SSXFF'));
Insert into TOSHIVEPET.DJANGO_MIGRATIONS (ID,APP,NAME,APPLIED) values ('18','authtoken','0002_auto_20160226_1747',to_timestamp('09/07/23 22:50:42,991241000','DD/MM/RR HH24:MI:SSXFF'));
Insert into TOSHIVEPET.DJANGO_MIGRATIONS (ID,APP,NAME,APPLIED) values ('19','authtoken','0003_tokenproxy',to_timestamp('09/07/23 22:50:43,013243000','DD/MM/RR HH24:MI:SSXFF'));
Insert into TOSHIVEPET.DJANGO_MIGRATIONS (ID,APP,NAME,APPLIED) values ('20','core','0001_initial',to_timestamp('09/07/23 22:50:43,303749000','DD/MM/RR HH24:MI:SSXFF'));
Insert into TOSHIVEPET.DJANGO_MIGRATIONS (ID,APP,NAME,APPLIED) values ('21','sessions','0001_initial',to_timestamp('09/07/23 22:50:43,508178000','DD/MM/RR HH24:MI:SSXFF'));
REM INSERTING into TOSHIVEPET.DJANGO_SESSION
SET DEFINE OFF;
--------------------------------------------------------
--  DDL for Index AUTH_GROU_GROUP_ID__0CD325B0_U
--------------------------------------------------------

  CREATE UNIQUE INDEX "TOSHIVEPET"."AUTH_GROU_GROUP_ID__0CD325B0_U" ON "TOSHIVEPET"."AUTH_GROUP_PERMISSIONS" ("GROUP_ID", "PERMISSION_ID") 
  PCTFREE 10 INITRANS 2 MAXTRANS 255 COMPUTE STATISTICS 
  TABLESPACE "USERS" ;
--------------------------------------------------------
--  DDL for Index AUTH_PERM_CONTENT_T_01AB375A_U
--------------------------------------------------------

  CREATE UNIQUE INDEX "TOSHIVEPET"."AUTH_PERM_CONTENT_T_01AB375A_U" ON "TOSHIVEPET"."AUTH_PERMISSION" ("CONTENT_TYPE_ID", "CODENAME") 
  PCTFREE 10 INITRANS 2 MAXTRANS 255 COMPUTE STATISTICS 
  STORAGE(INITIAL 65536 NEXT 1048576 MINEXTENTS 1 MAXEXTENTS 2147483645
  PCTINCREASE 0 FREELISTS 1 FREELIST GROUPS 1
  BUFFER_POOL DEFAULT FLASH_CACHE DEFAULT CELL_FLASH_CACHE DEFAULT)
  TABLESPACE "USERS" ;
--------------------------------------------------------
--  DDL for Index AUTH_USER_USER_ID_G_94350C0C_U
--------------------------------------------------------

  CREATE UNIQUE INDEX "TOSHIVEPET"."AUTH_USER_USER_ID_G_94350C0C_U" ON "TOSHIVEPET"."AUTH_USER_GROUPS" ("USER_ID", "GROUP_ID") 
  PCTFREE 10 INITRANS 2 MAXTRANS 255 COMPUTE STATISTICS 
  TABLESPACE "USERS" ;
--------------------------------------------------------
--  DDL for Index AUTH_USER_USER_ID_P_14A6B632_U
--------------------------------------------------------

  CREATE UNIQUE INDEX "TOSHIVEPET"."AUTH_USER_USER_ID_P_14A6B632_U" ON "TOSHIVEPET"."AUTH_USER_USER_PERMISSIONS" ("USER_ID", "PERMISSION_ID") 
  PCTFREE 10 INITRANS 2 MAXTRANS 255 COMPUTE STATISTICS 
  TABLESPACE "USERS" ;
--------------------------------------------------------
--  DDL for Index DJANGO_CO_APP_LABEL_76BD3D3B_U
--------------------------------------------------------

  CREATE UNIQUE INDEX "TOSHIVEPET"."DJANGO_CO_APP_LABEL_76BD3D3B_U" ON "TOSHIVEPET"."DJANGO_CONTENT_TYPE" ("APP_LABEL", "MODEL") 
  PCTFREE 10 INITRANS 2 MAXTRANS 255 COMPUTE STATISTICS 
  STORAGE(INITIAL 65536 NEXT 1048576 MINEXTENTS 1 MAXEXTENTS 2147483645
  PCTINCREASE 0 FREELISTS 1 FREELIST GROUPS 1
  BUFFER_POOL DEFAULT FLASH_CACHE DEFAULT CELL_FLASH_CACHE DEFAULT)
  TABLESPACE "USERS" ;
--------------------------------------------------------
--  DDL for Index CORE_USUARIO_IDROL_ID_14D6B8A0
--------------------------------------------------------

  CREATE INDEX "TOSHIVEPET"."CORE_USUARIO_IDROL_ID_14D6B8A0" ON "TOSHIVEPET"."CORE_USUARIO" ("IDROL_ID") 
  PCTFREE 10 INITRANS 2 MAXTRANS 255 COMPUTE STATISTICS 
  STORAGE(INITIAL 65536 NEXT 1048576 MINEXTENTS 1 MAXEXTENTS 2147483645
  PCTINCREASE 0 FREELISTS 1 FREELIST GROUPS 1
  BUFFER_POOL DEFAULT FLASH_CACHE DEFAULT CELL_FLASH_CACHE DEFAULT)
  TABLESPACE "USERS" ;
--------------------------------------------------------
--  DDL for Index DJANGO_ADM_CONTENT_TY_C4BCE8EB
--------------------------------------------------------

  CREATE INDEX "TOSHIVEPET"."DJANGO_ADM_CONTENT_TY_C4BCE8EB" ON "TOSHIVEPET"."DJANGO_ADMIN_LOG" ("CONTENT_TYPE_ID") 
  PCTFREE 10 INITRANS 2 MAXTRANS 255 COMPUTE STATISTICS 
  STORAGE(INITIAL 65536 NEXT 1048576 MINEXTENTS 1 MAXEXTENTS 2147483645
  PCTINCREASE 0 FREELISTS 1 FREELIST GROUPS 1
  BUFFER_POOL DEFAULT FLASH_CACHE DEFAULT CELL_FLASH_CACHE DEFAULT)
  TABLESPACE "USERS" ;
--------------------------------------------------------
--  DDL for Index CORE_PEDID_IDDIRECCIO_A2EE7371
--------------------------------------------------------

  CREATE INDEX "TOSHIVEPET"."CORE_PEDID_IDDIRECCIO_A2EE7371" ON "TOSHIVEPET"."CORE_PEDIDO" ("IDDIRECCION_ID") 
  PCTFREE 10 INITRANS 2 MAXTRANS 255 COMPUTE STATISTICS 
  TABLESPACE "USERS" ;
--------------------------------------------------------
--  DDL for Index AUTH_GROUP_GROUP_ID_B120CBF9
--------------------------------------------------------

  CREATE INDEX "TOSHIVEPET"."AUTH_GROUP_GROUP_ID_B120CBF9" ON "TOSHIVEPET"."AUTH_GROUP_PERMISSIONS" ("GROUP_ID") 
  PCTFREE 10 INITRANS 2 MAXTRANS 255 COMPUTE STATISTICS 
  TABLESPACE "USERS" ;
--------------------------------------------------------
--  DDL for Index DJANGO_SES_EXPIRE_DAT_A5C62663
--------------------------------------------------------

  CREATE INDEX "TOSHIVEPET"."DJANGO_SES_EXPIRE_DAT_A5C62663" ON "TOSHIVEPET"."DJANGO_SESSION" ("EXPIRE_DATE") 
  PCTFREE 10 INITRANS 2 MAXTRANS 255 COMPUTE STATISTICS 
  STORAGE(INITIAL 65536 NEXT 1048576 MINEXTENTS 1 MAXEXTENTS 2147483645
  PCTINCREASE 0 FREELISTS 1 FREELIST GROUPS 1
  BUFFER_POOL DEFAULT FLASH_CACHE DEFAULT CELL_FLASH_CACHE DEFAULT)
  TABLESPACE "USERS" ;
--------------------------------------------------------
--  DDL for Index AUTH_USER__USER_ID_6A12ED8B
--------------------------------------------------------

  CREATE INDEX "TOSHIVEPET"."AUTH_USER__USER_ID_6A12ED8B" ON "TOSHIVEPET"."AUTH_USER_GROUPS" ("USER_ID") 
  PCTFREE 10 INITRANS 2 MAXTRANS 255 COMPUTE STATISTICS 
  TABLESPACE "USERS" ;
--------------------------------------------------------
--  DDL for Index CORE_DIREC_IDUSUARIO__58781EA0
--------------------------------------------------------

  CREATE INDEX "TOSHIVEPET"."CORE_DIREC_IDUSUARIO__58781EA0" ON "TOSHIVEPET"."CORE_DIRECCION" ("IDUSUARIO_ID") 
  PCTFREE 10 INITRANS 2 MAXTRANS 255 COMPUTE STATISTICS 
  TABLESPACE "USERS" ;
--------------------------------------------------------
--  DDL for Index AUTH_USER__USER_ID_A95EAD1B
--------------------------------------------------------

  CREATE INDEX "TOSHIVEPET"."AUTH_USER__USER_ID_A95EAD1B" ON "TOSHIVEPET"."AUTH_USER_USER_PERMISSIONS" ("USER_ID") 
  PCTFREE 10 INITRANS 2 MAXTRANS 255 COMPUTE STATISTICS 
  TABLESPACE "USERS" ;
--------------------------------------------------------
--  DDL for Index DJANGO_ADM_USER_ID_C564EBA6
--------------------------------------------------------

  CREATE INDEX "TOSHIVEPET"."DJANGO_ADM_USER_ID_C564EBA6" ON "TOSHIVEPET"."DJANGO_ADMIN_LOG" ("USER_ID") 
  PCTFREE 10 INITRANS 2 MAXTRANS 255 COMPUTE STATISTICS 
  STORAGE(INITIAL 65536 NEXT 1048576 MINEXTENTS 1 MAXEXTENTS 2147483645
  PCTINCREASE 0 FREELISTS 1 FREELIST GROUPS 1
  BUFFER_POOL DEFAULT FLASH_CACHE DEFAULT CELL_FLASH_CACHE DEFAULT)
  TABLESPACE "USERS" ;
--------------------------------------------------------
--  DDL for Index CORE_DETAL_PEDIDO_ID_1E562FB4
--------------------------------------------------------

  CREATE INDEX "TOSHIVEPET"."CORE_DETAL_PEDIDO_ID_1E562FB4" ON "TOSHIVEPET"."CORE_DETALLEPEDIDO" ("PEDIDO_ID") 
  PCTFREE 10 INITRANS 2 MAXTRANS 255 COMPUTE STATISTICS 
  TABLESPACE "USERS" ;
--------------------------------------------------------
--  DDL for Index CORE_DIREC_COMUNA_ID_443E28CF
--------------------------------------------------------

  CREATE INDEX "TOSHIVEPET"."CORE_DIREC_COMUNA_ID_443E28CF" ON "TOSHIVEPET"."CORE_DIRECCION" ("COMUNA_ID") 
  PCTFREE 10 INITRANS 2 MAXTRANS 255 COMPUTE STATISTICS 
  TABLESPACE "USERS" ;
--------------------------------------------------------
--  DDL for Index CORE_PEDID_USUARIO_ID_2AEBB526
--------------------------------------------------------

  CREATE INDEX "TOSHIVEPET"."CORE_PEDID_USUARIO_ID_2AEBB526" ON "TOSHIVEPET"."CORE_PEDIDO" ("USUARIO_ID") 
  PCTFREE 10 INITRANS 2 MAXTRANS 255 COMPUTE STATISTICS 
  TABLESPACE "USERS" ;
--------------------------------------------------------
--  DDL for Index AUTH_GROUP_PERMISSION_84C5C92E
--------------------------------------------------------

  CREATE INDEX "TOSHIVEPET"."AUTH_GROUP_PERMISSION_84C5C92E" ON "TOSHIVEPET"."AUTH_GROUP_PERMISSIONS" ("PERMISSION_ID") 
  PCTFREE 10 INITRANS 2 MAXTRANS 255 COMPUTE STATISTICS 
  TABLESPACE "USERS" ;
--------------------------------------------------------
--  DDL for Index AUTH_USER__GROUP_ID_97559544
--------------------------------------------------------

  CREATE INDEX "TOSHIVEPET"."AUTH_USER__GROUP_ID_97559544" ON "TOSHIVEPET"."AUTH_USER_GROUPS" ("GROUP_ID") 
  PCTFREE 10 INITRANS 2 MAXTRANS 255 COMPUTE STATISTICS 
  TABLESPACE "USERS" ;
--------------------------------------------------------
--  DDL for Index CORE_USUAR_IDPREGUNTA_AFA5E9DB
--------------------------------------------------------

  CREATE INDEX "TOSHIVEPET"."CORE_USUAR_IDPREGUNTA_AFA5E9DB" ON "TOSHIVEPET"."CORE_USUARIO" ("IDPREGUNTA_ID") 
  PCTFREE 10 INITRANS 2 MAXTRANS 255 COMPUTE STATISTICS 
  STORAGE(INITIAL 65536 NEXT 1048576 MINEXTENTS 1 MAXEXTENTS 2147483645
  PCTINCREASE 0 FREELISTS 1 FREELIST GROUPS 1
  BUFFER_POOL DEFAULT FLASH_CACHE DEFAULT CELL_FLASH_CACHE DEFAULT)
  TABLESPACE "USERS" ;
--------------------------------------------------------
--  DDL for Index AUTH_USER__PERMISSION_1FBB5F2C
--------------------------------------------------------

  CREATE INDEX "TOSHIVEPET"."AUTH_USER__PERMISSION_1FBB5F2C" ON "TOSHIVEPET"."AUTH_USER_USER_PERMISSIONS" ("PERMISSION_ID") 
  PCTFREE 10 INITRANS 2 MAXTRANS 255 COMPUTE STATISTICS 
  TABLESPACE "USERS" ;
--------------------------------------------------------
--  DDL for Index CORE_PRODUCTO_TIPO_ID_E0E92AD1
--------------------------------------------------------

  CREATE INDEX "TOSHIVEPET"."CORE_PRODUCTO_TIPO_ID_E0E92AD1" ON "TOSHIVEPET"."CORE_PRODUCTO" ("TIPO_ID") 
  PCTFREE 10 INITRANS 2 MAXTRANS 255 COMPUTE STATISTICS 
  STORAGE(INITIAL 65536 NEXT 1048576 MINEXTENTS 1 MAXEXTENTS 2147483645
  PCTINCREASE 0 FREELISTS 1 FREELIST GROUPS 1
  BUFFER_POOL DEFAULT FLASH_CACHE DEFAULT CELL_FLASH_CACHE DEFAULT)
  TABLESPACE "USERS" ;
--------------------------------------------------------
--  DDL for Index CORE_DETAL_PRODUCTO_I_45E0E2E2
--------------------------------------------------------

  CREATE INDEX "TOSHIVEPET"."CORE_DETAL_PRODUCTO_I_45E0E2E2" ON "TOSHIVEPET"."CORE_DETALLEPEDIDO" ("PRODUCTO_ID") 
  PCTFREE 10 INITRANS 2 MAXTRANS 255 COMPUTE STATISTICS 
  TABLESPACE "USERS" ;
--------------------------------------------------------
--  DDL for Index CORE_COMUNA_REGION_ID_A1EAF3D2
--------------------------------------------------------

  CREATE INDEX "TOSHIVEPET"."CORE_COMUNA_REGION_ID_A1EAF3D2" ON "TOSHIVEPET"."CORE_COMUNA" ("REGION_ID") 
  PCTFREE 10 INITRANS 2 MAXTRANS 255 COMPUTE STATISTICS 
  TABLESPACE "USERS" ;
--------------------------------------------------------
--  DDL for Index AUTH_PERMI_CONTENT_TY_2F476E4B
--------------------------------------------------------

  CREATE INDEX "TOSHIVEPET"."AUTH_PERMI_CONTENT_TY_2F476E4B" ON "TOSHIVEPET"."AUTH_PERMISSION" ("CONTENT_TYPE_ID") 
  PCTFREE 10 INITRANS 2 MAXTRANS 255 COMPUTE STATISTICS 
  STORAGE(INITIAL 65536 NEXT 1048576 MINEXTENTS 1 MAXEXTENTS 2147483645
  PCTINCREASE 0 FREELISTS 1 FREELIST GROUPS 1
  BUFFER_POOL DEFAULT FLASH_CACHE DEFAULT CELL_FLASH_CACHE DEFAULT)
  TABLESPACE "USERS" ;
--------------------------------------------------------
--  Constraints for Table CORE_TIPO
--------------------------------------------------------

  ALTER TABLE "TOSHIVEPET"."CORE_TIPO" MODIFY ("IDTIPO" NOT NULL ENABLE);
  ALTER TABLE "TOSHIVEPET"."CORE_TIPO" ADD PRIMARY KEY ("IDTIPO")
  USING INDEX PCTFREE 10 INITRANS 2 MAXTRANS 255 
  STORAGE(INITIAL 65536 NEXT 1048576 MINEXTENTS 1 MAXEXTENTS 2147483645
  PCTINCREASE 0 FREELISTS 1 FREELIST GROUPS 1
  BUFFER_POOL DEFAULT FLASH_CACHE DEFAULT CELL_FLASH_CACHE DEFAULT)
  TABLESPACE "USERS"  ENABLE;
--------------------------------------------------------
--  Constraints for Table AUTH_GROUP
--------------------------------------------------------

  ALTER TABLE "TOSHIVEPET"."AUTH_GROUP" MODIFY ("ID" NOT NULL ENABLE);
  ALTER TABLE "TOSHIVEPET"."AUTH_GROUP" ADD PRIMARY KEY ("ID")
  USING INDEX PCTFREE 10 INITRANS 2 MAXTRANS 255 
  TABLESPACE "USERS"  ENABLE;
  ALTER TABLE "TOSHIVEPET"."AUTH_GROUP" ADD UNIQUE ("NAME")
  USING INDEX PCTFREE 10 INITRANS 2 MAXTRANS 255 
  TABLESPACE "USERS"  ENABLE;
--------------------------------------------------------
--  Constraints for Table DJANGO_CONTENT_TYPE
--------------------------------------------------------

  ALTER TABLE "TOSHIVEPET"."DJANGO_CONTENT_TYPE" MODIFY ("ID" NOT NULL ENABLE);
  ALTER TABLE "TOSHIVEPET"."DJANGO_CONTENT_TYPE" ADD PRIMARY KEY ("ID")
  USING INDEX PCTFREE 10 INITRANS 2 MAXTRANS 255 
  STORAGE(INITIAL 65536 NEXT 1048576 MINEXTENTS 1 MAXEXTENTS 2147483645
  PCTINCREASE 0 FREELISTS 1 FREELIST GROUPS 1
  BUFFER_POOL DEFAULT FLASH_CACHE DEFAULT CELL_FLASH_CACHE DEFAULT)
  TABLESPACE "USERS"  ENABLE;
  ALTER TABLE "TOSHIVEPET"."DJANGO_CONTENT_TYPE" ADD CONSTRAINT "DJANGO_CO_APP_LABEL_76BD3D3B_U" UNIQUE ("APP_LABEL", "MODEL")
  USING INDEX PCTFREE 10 INITRANS 2 MAXTRANS 255 COMPUTE STATISTICS 
  STORAGE(INITIAL 65536 NEXT 1048576 MINEXTENTS 1 MAXEXTENTS 2147483645
  PCTINCREASE 0 FREELISTS 1 FREELIST GROUPS 1
  BUFFER_POOL DEFAULT FLASH_CACHE DEFAULT CELL_FLASH_CACHE DEFAULT)
  TABLESPACE "USERS"  ENABLE;
--------------------------------------------------------
--  Constraints for Table AUTH_PERMISSION
--------------------------------------------------------

  ALTER TABLE "TOSHIVEPET"."AUTH_PERMISSION" MODIFY ("ID" NOT NULL ENABLE);
  ALTER TABLE "TOSHIVEPET"."AUTH_PERMISSION" MODIFY ("CONTENT_TYPE_ID" NOT NULL ENABLE);
  ALTER TABLE "TOSHIVEPET"."AUTH_PERMISSION" ADD PRIMARY KEY ("ID")
  USING INDEX PCTFREE 10 INITRANS 2 MAXTRANS 255 
  STORAGE(INITIAL 65536 NEXT 1048576 MINEXTENTS 1 MAXEXTENTS 2147483645
  PCTINCREASE 0 FREELISTS 1 FREELIST GROUPS 1
  BUFFER_POOL DEFAULT FLASH_CACHE DEFAULT CELL_FLASH_CACHE DEFAULT)
  TABLESPACE "USERS"  ENABLE;
  ALTER TABLE "TOSHIVEPET"."AUTH_PERMISSION" ADD CONSTRAINT "AUTH_PERM_CONTENT_T_01AB375A_U" UNIQUE ("CONTENT_TYPE_ID", "CODENAME")
  USING INDEX PCTFREE 10 INITRANS 2 MAXTRANS 255 COMPUTE STATISTICS 
  STORAGE(INITIAL 65536 NEXT 1048576 MINEXTENTS 1 MAXEXTENTS 2147483645
  PCTINCREASE 0 FREELISTS 1 FREELIST GROUPS 1
  BUFFER_POOL DEFAULT FLASH_CACHE DEFAULT CELL_FLASH_CACHE DEFAULT)
  TABLESPACE "USERS"  ENABLE;
--------------------------------------------------------
--  Constraints for Table CORE_COMUNA
--------------------------------------------------------

  ALTER TABLE "TOSHIVEPET"."CORE_COMUNA" MODIFY ("CODIGOCOMUNA" NOT NULL ENABLE);
  ALTER TABLE "TOSHIVEPET"."CORE_COMUNA" ADD PRIMARY KEY ("CODIGOCOMUNA")
  USING INDEX PCTFREE 10 INITRANS 2 MAXTRANS 255 
  TABLESPACE "USERS"  ENABLE;
  ALTER TABLE "TOSHIVEPET"."CORE_COMUNA" MODIFY ("REGION_ID" NOT NULL ENABLE);
--------------------------------------------------------
--  Constraints for Table CORE_DIRECCION
--------------------------------------------------------

  ALTER TABLE "TOSHIVEPET"."CORE_DIRECCION" MODIFY ("IDDIRECCION" NOT NULL ENABLE);
  ALTER TABLE "TOSHIVEPET"."CORE_DIRECCION" MODIFY ("COMUNA_ID" NOT NULL ENABLE);
  ALTER TABLE "TOSHIVEPET"."CORE_DIRECCION" ADD PRIMARY KEY ("IDDIRECCION")
  USING INDEX PCTFREE 10 INITRANS 2 MAXTRANS 255 
  TABLESPACE "USERS"  ENABLE;
  ALTER TABLE "TOSHIVEPET"."CORE_DIRECCION" MODIFY ("IDUSUARIO_ID" NOT NULL ENABLE);
--------------------------------------------------------
--  Constraints for Table CORE_REGION
--------------------------------------------------------

  ALTER TABLE "TOSHIVEPET"."CORE_REGION" MODIFY ("CODIGOREGION" NOT NULL ENABLE);
  ALTER TABLE "TOSHIVEPET"."CORE_REGION" ADD PRIMARY KEY ("CODIGOREGION")
  USING INDEX PCTFREE 10 INITRANS 2 MAXTRANS 255 
  TABLESPACE "USERS"  ENABLE;
--------------------------------------------------------
--  Constraints for Table AUTH_GROUP_PERMISSIONS
--------------------------------------------------------

  ALTER TABLE "TOSHIVEPET"."AUTH_GROUP_PERMISSIONS" MODIFY ("ID" NOT NULL ENABLE);
  ALTER TABLE "TOSHIVEPET"."AUTH_GROUP_PERMISSIONS" MODIFY ("GROUP_ID" NOT NULL ENABLE);
  ALTER TABLE "TOSHIVEPET"."AUTH_GROUP_PERMISSIONS" MODIFY ("PERMISSION_ID" NOT NULL ENABLE);
  ALTER TABLE "TOSHIVEPET"."AUTH_GROUP_PERMISSIONS" ADD PRIMARY KEY ("ID")
  USING INDEX PCTFREE 10 INITRANS 2 MAXTRANS 255 
  TABLESPACE "USERS"  ENABLE;
  ALTER TABLE "TOSHIVEPET"."AUTH_GROUP_PERMISSIONS" ADD CONSTRAINT "AUTH_GROU_GROUP_ID__0CD325B0_U" UNIQUE ("GROUP_ID", "PERMISSION_ID")
  USING INDEX PCTFREE 10 INITRANS 2 MAXTRANS 255 COMPUTE STATISTICS 
  TABLESPACE "USERS"  ENABLE;
--------------------------------------------------------
--  Constraints for Table CORE_USUARIO
--------------------------------------------------------

  ALTER TABLE "TOSHIVEPET"."CORE_USUARIO" MODIFY ("IDUSUARIO" NOT NULL ENABLE);
  ALTER TABLE "TOSHIVEPET"."CORE_USUARIO" MODIFY ("IDPREGUNTA_ID" NOT NULL ENABLE);
  ALTER TABLE "TOSHIVEPET"."CORE_USUARIO" MODIFY ("IDROL_ID" NOT NULL ENABLE);
  ALTER TABLE "TOSHIVEPET"."CORE_USUARIO" ADD PRIMARY KEY ("IDUSUARIO")
  USING INDEX PCTFREE 10 INITRANS 2 MAXTRANS 255 
  STORAGE(INITIAL 65536 NEXT 1048576 MINEXTENTS 1 MAXEXTENTS 2147483645
  PCTINCREASE 0 FREELISTS 1 FREELIST GROUPS 1
  BUFFER_POOL DEFAULT FLASH_CACHE DEFAULT CELL_FLASH_CACHE DEFAULT)
  TABLESPACE "USERS"  ENABLE;
--------------------------------------------------------
--  Constraints for Table AUTH_USER_USER_PERMISSIONS
--------------------------------------------------------

  ALTER TABLE "TOSHIVEPET"."AUTH_USER_USER_PERMISSIONS" MODIFY ("ID" NOT NULL ENABLE);
  ALTER TABLE "TOSHIVEPET"."AUTH_USER_USER_PERMISSIONS" MODIFY ("USER_ID" NOT NULL ENABLE);
  ALTER TABLE "TOSHIVEPET"."AUTH_USER_USER_PERMISSIONS" MODIFY ("PERMISSION_ID" NOT NULL ENABLE);
  ALTER TABLE "TOSHIVEPET"."AUTH_USER_USER_PERMISSIONS" ADD PRIMARY KEY ("ID")
  USING INDEX PCTFREE 10 INITRANS 2 MAXTRANS 255 
  TABLESPACE "USERS"  ENABLE;
  ALTER TABLE "TOSHIVEPET"."AUTH_USER_USER_PERMISSIONS" ADD CONSTRAINT "AUTH_USER_USER_ID_P_14A6B632_U" UNIQUE ("USER_ID", "PERMISSION_ID")
  USING INDEX PCTFREE 10 INITRANS 2 MAXTRANS 255 COMPUTE STATISTICS 
  TABLESPACE "USERS"  ENABLE;
--------------------------------------------------------
--  Constraints for Table CORE_ROL
--------------------------------------------------------

  ALTER TABLE "TOSHIVEPET"."CORE_ROL" MODIFY ("IDROL" NOT NULL ENABLE);
  ALTER TABLE "TOSHIVEPET"."CORE_ROL" ADD PRIMARY KEY ("IDROL")
  USING INDEX PCTFREE 10 INITRANS 2 MAXTRANS 255 
  STORAGE(INITIAL 65536 NEXT 1048576 MINEXTENTS 1 MAXEXTENTS 2147483645
  PCTINCREASE 0 FREELISTS 1 FREELIST GROUPS 1
  BUFFER_POOL DEFAULT FLASH_CACHE DEFAULT CELL_FLASH_CACHE DEFAULT)
  TABLESPACE "USERS"  ENABLE;
--------------------------------------------------------
--  Constraints for Table CORE_PREGUNTA
--------------------------------------------------------

  ALTER TABLE "TOSHIVEPET"."CORE_PREGUNTA" MODIFY ("IDPREGUNTA" NOT NULL ENABLE);
  ALTER TABLE "TOSHIVEPET"."CORE_PREGUNTA" ADD PRIMARY KEY ("IDPREGUNTA")
  USING INDEX PCTFREE 10 INITRANS 2 MAXTRANS 255 
  STORAGE(INITIAL 65536 NEXT 1048576 MINEXTENTS 1 MAXEXTENTS 2147483645
  PCTINCREASE 0 FREELISTS 1 FREELIST GROUPS 1
  BUFFER_POOL DEFAULT FLASH_CACHE DEFAULT CELL_FLASH_CACHE DEFAULT)
  TABLESPACE "USERS"  ENABLE;
--------------------------------------------------------
--  Constraints for Table CORE_PEDIDO
--------------------------------------------------------

  ALTER TABLE "TOSHIVEPET"."CORE_PEDIDO" MODIFY ("IDPEDIDO" NOT NULL ENABLE);
  ALTER TABLE "TOSHIVEPET"."CORE_PEDIDO" MODIFY ("FECHAPEDIDO" NOT NULL ENABLE);
  ALTER TABLE "TOSHIVEPET"."CORE_PEDIDO" MODIFY ("FECHAENTREGA" NOT NULL ENABLE);
  ALTER TABLE "TOSHIVEPET"."CORE_PEDIDO" MODIFY ("TOTAL" NOT NULL ENABLE);
  ALTER TABLE "TOSHIVEPET"."CORE_PEDIDO" MODIFY ("IDDIRECCION_ID" NOT NULL ENABLE);
  ALTER TABLE "TOSHIVEPET"."CORE_PEDIDO" MODIFY ("USUARIO_ID" NOT NULL ENABLE);
  ALTER TABLE "TOSHIVEPET"."CORE_PEDIDO" ADD PRIMARY KEY ("IDPEDIDO")
  USING INDEX PCTFREE 10 INITRANS 2 MAXTRANS 255 
  TABLESPACE "USERS"  ENABLE;
--------------------------------------------------------
--  Constraints for Table AUTH_USER
--------------------------------------------------------

  ALTER TABLE "TOSHIVEPET"."AUTH_USER" MODIFY ("ID" NOT NULL ENABLE);
  ALTER TABLE "TOSHIVEPET"."AUTH_USER" MODIFY ("IS_SUPERUSER" NOT NULL ENABLE);
  ALTER TABLE "TOSHIVEPET"."AUTH_USER" MODIFY ("IS_STAFF" NOT NULL ENABLE);
  ALTER TABLE "TOSHIVEPET"."AUTH_USER" MODIFY ("IS_ACTIVE" NOT NULL ENABLE);
  ALTER TABLE "TOSHIVEPET"."AUTH_USER" MODIFY ("DATE_JOINED" NOT NULL ENABLE);
  ALTER TABLE "TOSHIVEPET"."AUTH_USER" ADD CHECK ("IS_SUPERUSER" IN (0,1)) ENABLE;
  ALTER TABLE "TOSHIVEPET"."AUTH_USER" ADD CHECK ("IS_STAFF" IN (0,1)) ENABLE;
  ALTER TABLE "TOSHIVEPET"."AUTH_USER" ADD CHECK ("IS_ACTIVE" IN (0,1)) ENABLE;
  ALTER TABLE "TOSHIVEPET"."AUTH_USER" ADD PRIMARY KEY ("ID")
  USING INDEX PCTFREE 10 INITRANS 2 MAXTRANS 255 
  STORAGE(INITIAL 65536 NEXT 1048576 MINEXTENTS 1 MAXEXTENTS 2147483645
  PCTINCREASE 0 FREELISTS 1 FREELIST GROUPS 1
  BUFFER_POOL DEFAULT FLASH_CACHE DEFAULT CELL_FLASH_CACHE DEFAULT)
  TABLESPACE "USERS"  ENABLE;
  ALTER TABLE "TOSHIVEPET"."AUTH_USER" ADD UNIQUE ("USERNAME")
  USING INDEX PCTFREE 10 INITRANS 2 MAXTRANS 255 
  STORAGE(INITIAL 65536 NEXT 1048576 MINEXTENTS 1 MAXEXTENTS 2147483645
  PCTINCREASE 0 FREELISTS 1 FREELIST GROUPS 1
  BUFFER_POOL DEFAULT FLASH_CACHE DEFAULT CELL_FLASH_CACHE DEFAULT)
  TABLESPACE "USERS"  ENABLE;
--------------------------------------------------------
--  Constraints for Table AUTHTOKEN_TOKEN
--------------------------------------------------------

  ALTER TABLE "TOSHIVEPET"."AUTHTOKEN_TOKEN" MODIFY ("KEY" NOT NULL ENABLE);
  ALTER TABLE "TOSHIVEPET"."AUTHTOKEN_TOKEN" MODIFY ("CREATED" NOT NULL ENABLE);
  ALTER TABLE "TOSHIVEPET"."AUTHTOKEN_TOKEN" MODIFY ("USER_ID" NOT NULL ENABLE);
  ALTER TABLE "TOSHIVEPET"."AUTHTOKEN_TOKEN" ADD PRIMARY KEY ("KEY")
  USING INDEX PCTFREE 10 INITRANS 2 MAXTRANS 255 
  TABLESPACE "USERS"  ENABLE;
  ALTER TABLE "TOSHIVEPET"."AUTHTOKEN_TOKEN" ADD UNIQUE ("USER_ID")
  USING INDEX PCTFREE 10 INITRANS 2 MAXTRANS 255 
  TABLESPACE "USERS"  ENABLE;
--------------------------------------------------------
--  Constraints for Table CORE_DETALLEPEDIDO
--------------------------------------------------------

  ALTER TABLE "TOSHIVEPET"."CORE_DETALLEPEDIDO" MODIFY ("IDDETALLE" NOT NULL ENABLE);
  ALTER TABLE "TOSHIVEPET"."CORE_DETALLEPEDIDO" MODIFY ("CANTIDAD" NOT NULL ENABLE);
  ALTER TABLE "TOSHIVEPET"."CORE_DETALLEPEDIDO" MODIFY ("SUBTOTAL" NOT NULL ENABLE);
  ALTER TABLE "TOSHIVEPET"."CORE_DETALLEPEDIDO" MODIFY ("PEDIDO_ID" NOT NULL ENABLE);
  ALTER TABLE "TOSHIVEPET"."CORE_DETALLEPEDIDO" MODIFY ("PRODUCTO_ID" NOT NULL ENABLE);
  ALTER TABLE "TOSHIVEPET"."CORE_DETALLEPEDIDO" ADD CHECK ("CANTIDAD" >= 0) ENABLE;
  ALTER TABLE "TOSHIVEPET"."CORE_DETALLEPEDIDO" ADD PRIMARY KEY ("IDDETALLE")
  USING INDEX PCTFREE 10 INITRANS 2 MAXTRANS 255 
  TABLESPACE "USERS"  ENABLE;
--------------------------------------------------------
--  Constraints for Table CORE_PRODUCTO
--------------------------------------------------------

  ALTER TABLE "TOSHIVEPET"."CORE_PRODUCTO" MODIFY ("IDPRODUCTO" NOT NULL ENABLE);
  ALTER TABLE "TOSHIVEPET"."CORE_PRODUCTO" MODIFY ("STOCK" NOT NULL ENABLE);
  ALTER TABLE "TOSHIVEPET"."CORE_PRODUCTO" MODIFY ("PRECIO" NOT NULL ENABLE);
  ALTER TABLE "TOSHIVEPET"."CORE_PRODUCTO" MODIFY ("TIPO_ID" NOT NULL ENABLE);
  ALTER TABLE "TOSHIVEPET"."CORE_PRODUCTO" ADD PRIMARY KEY ("IDPRODUCTO")
  USING INDEX PCTFREE 10 INITRANS 2 MAXTRANS 255 
  STORAGE(INITIAL 65536 NEXT 1048576 MINEXTENTS 1 MAXEXTENTS 2147483645
  PCTINCREASE 0 FREELISTS 1 FREELIST GROUPS 1
  BUFFER_POOL DEFAULT FLASH_CACHE DEFAULT CELL_FLASH_CACHE DEFAULT)
  TABLESPACE "USERS"  ENABLE;
--------------------------------------------------------
--  Constraints for Table DJANGO_ADMIN_LOG
--------------------------------------------------------

  ALTER TABLE "TOSHIVEPET"."DJANGO_ADMIN_LOG" MODIFY ("ID" NOT NULL ENABLE);
  ALTER TABLE "TOSHIVEPET"."DJANGO_ADMIN_LOG" MODIFY ("ACTION_TIME" NOT NULL ENABLE);
  ALTER TABLE "TOSHIVEPET"."DJANGO_ADMIN_LOG" MODIFY ("ACTION_FLAG" NOT NULL ENABLE);
  ALTER TABLE "TOSHIVEPET"."DJANGO_ADMIN_LOG" MODIFY ("USER_ID" NOT NULL ENABLE);
  ALTER TABLE "TOSHIVEPET"."DJANGO_ADMIN_LOG" ADD CHECK ("ACTION_FLAG" >= 0) ENABLE;
  ALTER TABLE "TOSHIVEPET"."DJANGO_ADMIN_LOG" ADD PRIMARY KEY ("ID")
  USING INDEX PCTFREE 10 INITRANS 2 MAXTRANS 255 
  STORAGE(INITIAL 65536 NEXT 1048576 MINEXTENTS 1 MAXEXTENTS 2147483645
  PCTINCREASE 0 FREELISTS 1 FREELIST GROUPS 1
  BUFFER_POOL DEFAULT FLASH_CACHE DEFAULT CELL_FLASH_CACHE DEFAULT)
  TABLESPACE "USERS"  ENABLE;
--------------------------------------------------------
--  Constraints for Table DJANGO_SESSION
--------------------------------------------------------

  ALTER TABLE "TOSHIVEPET"."DJANGO_SESSION" MODIFY ("SESSION_KEY" NOT NULL ENABLE);
  ALTER TABLE "TOSHIVEPET"."DJANGO_SESSION" MODIFY ("EXPIRE_DATE" NOT NULL ENABLE);
  ALTER TABLE "TOSHIVEPET"."DJANGO_SESSION" ADD PRIMARY KEY ("SESSION_KEY")
  USING INDEX PCTFREE 10 INITRANS 2 MAXTRANS 255 
  STORAGE(INITIAL 65536 NEXT 1048576 MINEXTENTS 1 MAXEXTENTS 2147483645
  PCTINCREASE 0 FREELISTS 1 FREELIST GROUPS 1
  BUFFER_POOL DEFAULT FLASH_CACHE DEFAULT CELL_FLASH_CACHE DEFAULT)
  TABLESPACE "USERS"  ENABLE;
--------------------------------------------------------
--  Constraints for Table AUTH_USER_GROUPS
--------------------------------------------------------

  ALTER TABLE "TOSHIVEPET"."AUTH_USER_GROUPS" MODIFY ("ID" NOT NULL ENABLE);
  ALTER TABLE "TOSHIVEPET"."AUTH_USER_GROUPS" MODIFY ("USER_ID" NOT NULL ENABLE);
  ALTER TABLE "TOSHIVEPET"."AUTH_USER_GROUPS" MODIFY ("GROUP_ID" NOT NULL ENABLE);
  ALTER TABLE "TOSHIVEPET"."AUTH_USER_GROUPS" ADD PRIMARY KEY ("ID")
  USING INDEX PCTFREE 10 INITRANS 2 MAXTRANS 255 
  TABLESPACE "USERS"  ENABLE;
  ALTER TABLE "TOSHIVEPET"."AUTH_USER_GROUPS" ADD CONSTRAINT "AUTH_USER_USER_ID_G_94350C0C_U" UNIQUE ("USER_ID", "GROUP_ID")
  USING INDEX PCTFREE 10 INITRANS 2 MAXTRANS 255 COMPUTE STATISTICS 
  TABLESPACE "USERS"  ENABLE;
--------------------------------------------------------
--  Constraints for Table DJANGO_MIGRATIONS
--------------------------------------------------------

  ALTER TABLE "TOSHIVEPET"."DJANGO_MIGRATIONS" MODIFY ("ID" NOT NULL ENABLE);
  ALTER TABLE "TOSHIVEPET"."DJANGO_MIGRATIONS" MODIFY ("APPLIED" NOT NULL ENABLE);
  ALTER TABLE "TOSHIVEPET"."DJANGO_MIGRATIONS" ADD PRIMARY KEY ("ID")
  USING INDEX PCTFREE 10 INITRANS 2 MAXTRANS 255 
  STORAGE(INITIAL 65536 NEXT 1048576 MINEXTENTS 1 MAXEXTENTS 2147483645
  PCTINCREASE 0 FREELISTS 1 FREELIST GROUPS 1
  BUFFER_POOL DEFAULT FLASH_CACHE DEFAULT CELL_FLASH_CACHE DEFAULT)
  TABLESPACE "USERS"  ENABLE;
--------------------------------------------------------
--  Ref Constraints for Table AUTH_GROUP_PERMISSIONS
--------------------------------------------------------

  ALTER TABLE "TOSHIVEPET"."AUTH_GROUP_PERMISSIONS" ADD CONSTRAINT "AUTH_GROU_GROUP_ID_B120CBF9_F" FOREIGN KEY ("GROUP_ID")
	  REFERENCES "TOSHIVEPET"."AUTH_GROUP" ("ID") DEFERRABLE INITIALLY DEFERRED ENABLE;
  ALTER TABLE "TOSHIVEPET"."AUTH_GROUP_PERMISSIONS" ADD CONSTRAINT "AUTH_GROU_PERMISSIO_84C5C92E_F" FOREIGN KEY ("PERMISSION_ID")
	  REFERENCES "TOSHIVEPET"."AUTH_PERMISSION" ("ID") DEFERRABLE INITIALLY DEFERRED ENABLE;
--------------------------------------------------------
--  Ref Constraints for Table AUTH_PERMISSION
--------------------------------------------------------

  ALTER TABLE "TOSHIVEPET"."AUTH_PERMISSION" ADD CONSTRAINT "AUTH_PERM_CONTENT_T_2F476E4B_F" FOREIGN KEY ("CONTENT_TYPE_ID")
	  REFERENCES "TOSHIVEPET"."DJANGO_CONTENT_TYPE" ("ID") DEFERRABLE INITIALLY DEFERRED ENABLE;
--------------------------------------------------------
--  Ref Constraints for Table AUTHTOKEN_TOKEN
--------------------------------------------------------

  ALTER TABLE "TOSHIVEPET"."AUTHTOKEN_TOKEN" ADD CONSTRAINT "AUTHTOKEN_USER_ID_35299EFF_F" FOREIGN KEY ("USER_ID")
	  REFERENCES "TOSHIVEPET"."AUTH_USER" ("ID") DEFERRABLE INITIALLY DEFERRED ENABLE;
--------------------------------------------------------
--  Ref Constraints for Table AUTH_USER_GROUPS
--------------------------------------------------------

  ALTER TABLE "TOSHIVEPET"."AUTH_USER_GROUPS" ADD CONSTRAINT "AUTH_USER_USER_ID_6A12ED8B_F" FOREIGN KEY ("USER_ID")
	  REFERENCES "TOSHIVEPET"."AUTH_USER" ("ID") DEFERRABLE INITIALLY DEFERRED ENABLE;
  ALTER TABLE "TOSHIVEPET"."AUTH_USER_GROUPS" ADD CONSTRAINT "AUTH_USER_GROUP_ID_97559544_F" FOREIGN KEY ("GROUP_ID")
	  REFERENCES "TOSHIVEPET"."AUTH_GROUP" ("ID") DEFERRABLE INITIALLY DEFERRED ENABLE;
--------------------------------------------------------
--  Ref Constraints for Table AUTH_USER_USER_PERMISSIONS
--------------------------------------------------------

  ALTER TABLE "TOSHIVEPET"."AUTH_USER_USER_PERMISSIONS" ADD CONSTRAINT "AUTH_USER_USER_ID_A95EAD1B_F" FOREIGN KEY ("USER_ID")
	  REFERENCES "TOSHIVEPET"."AUTH_USER" ("ID") DEFERRABLE INITIALLY DEFERRED ENABLE;
  ALTER TABLE "TOSHIVEPET"."AUTH_USER_USER_PERMISSIONS" ADD CONSTRAINT "AUTH_USER_PERMISSIO_1FBB5F2C_F" FOREIGN KEY ("PERMISSION_ID")
	  REFERENCES "TOSHIVEPET"."AUTH_PERMISSION" ("ID") DEFERRABLE INITIALLY DEFERRED ENABLE;
--------------------------------------------------------
--  Ref Constraints for Table CORE_COMUNA
--------------------------------------------------------

  ALTER TABLE "TOSHIVEPET"."CORE_COMUNA" ADD CONSTRAINT "CORE_COMU_REGION_ID_A1EAF3D2_F" FOREIGN KEY ("REGION_ID")
	  REFERENCES "TOSHIVEPET"."CORE_REGION" ("CODIGOREGION") DEFERRABLE INITIALLY DEFERRED ENABLE;
--------------------------------------------------------
--  Ref Constraints for Table CORE_DETALLEPEDIDO
--------------------------------------------------------

  ALTER TABLE "TOSHIVEPET"."CORE_DETALLEPEDIDO" ADD CONSTRAINT "CORE_DETA_PEDIDO_ID_1E562FB4_F" FOREIGN KEY ("PEDIDO_ID")
	  REFERENCES "TOSHIVEPET"."CORE_PEDIDO" ("IDPEDIDO") DEFERRABLE INITIALLY DEFERRED ENABLE;
  ALTER TABLE "TOSHIVEPET"."CORE_DETALLEPEDIDO" ADD CONSTRAINT "CORE_DETA_PRODUCTO__45E0E2E2_F" FOREIGN KEY ("PRODUCTO_ID")
	  REFERENCES "TOSHIVEPET"."CORE_PRODUCTO" ("IDPRODUCTO") DEFERRABLE INITIALLY DEFERRED ENABLE;
--------------------------------------------------------
--  Ref Constraints for Table CORE_DIRECCION
--------------------------------------------------------

  ALTER TABLE "TOSHIVEPET"."CORE_DIRECCION" ADD CONSTRAINT "CORE_DIRE_IDUSUARIO_58781EA0_F" FOREIGN KEY ("IDUSUARIO_ID")
	  REFERENCES "TOSHIVEPET"."CORE_USUARIO" ("IDUSUARIO") DEFERRABLE INITIALLY DEFERRED ENABLE;
  ALTER TABLE "TOSHIVEPET"."CORE_DIRECCION" ADD CONSTRAINT "CORE_DIRE_COMUNA_ID_443E28CF_F" FOREIGN KEY ("COMUNA_ID")
	  REFERENCES "TOSHIVEPET"."CORE_COMUNA" ("CODIGOCOMUNA") DEFERRABLE INITIALLY DEFERRED ENABLE;
--------------------------------------------------------
--  Ref Constraints for Table CORE_PEDIDO
--------------------------------------------------------

  ALTER TABLE "TOSHIVEPET"."CORE_PEDIDO" ADD CONSTRAINT "CORE_PEDI_IDDIRECCI_A2EE7371_F" FOREIGN KEY ("IDDIRECCION_ID")
	  REFERENCES "TOSHIVEPET"."CORE_DIRECCION" ("IDDIRECCION") DEFERRABLE INITIALLY DEFERRED ENABLE;
  ALTER TABLE "TOSHIVEPET"."CORE_PEDIDO" ADD CONSTRAINT "CORE_PEDI_USUARIO_I_2AEBB526_F" FOREIGN KEY ("USUARIO_ID")
	  REFERENCES "TOSHIVEPET"."CORE_USUARIO" ("IDUSUARIO") DEFERRABLE INITIALLY DEFERRED ENABLE;
--------------------------------------------------------
--  Ref Constraints for Table CORE_PRODUCTO
--------------------------------------------------------

  ALTER TABLE "TOSHIVEPET"."CORE_PRODUCTO" ADD CONSTRAINT "CORE_PROD_TIPO_ID_E0E92AD1_F" FOREIGN KEY ("TIPO_ID")
	  REFERENCES "TOSHIVEPET"."CORE_TIPO" ("IDTIPO") DEFERRABLE INITIALLY DEFERRED ENABLE;
--------------------------------------------------------
--  Ref Constraints for Table CORE_USUARIO
--------------------------------------------------------

  ALTER TABLE "TOSHIVEPET"."CORE_USUARIO" ADD CONSTRAINT "CORE_USUA_IDPREGUNT_AFA5E9DB_F" FOREIGN KEY ("IDPREGUNTA_ID")
	  REFERENCES "TOSHIVEPET"."CORE_PREGUNTA" ("IDPREGUNTA") DEFERRABLE INITIALLY DEFERRED ENABLE;
  ALTER TABLE "TOSHIVEPET"."CORE_USUARIO" ADD CONSTRAINT "CORE_USUA_IDROL_ID_14D6B8A0_F" FOREIGN KEY ("IDROL_ID")
	  REFERENCES "TOSHIVEPET"."CORE_ROL" ("IDROL") DEFERRABLE INITIALLY DEFERRED ENABLE;
--------------------------------------------------------
--  Ref Constraints for Table DJANGO_ADMIN_LOG
--------------------------------------------------------

  ALTER TABLE "TOSHIVEPET"."DJANGO_ADMIN_LOG" ADD CONSTRAINT "DJANGO_AD_CONTENT_T_C4BCE8EB_F" FOREIGN KEY ("CONTENT_TYPE_ID")
	  REFERENCES "TOSHIVEPET"."DJANGO_CONTENT_TYPE" ("ID") DEFERRABLE INITIALLY DEFERRED ENABLE;
  ALTER TABLE "TOSHIVEPET"."DJANGO_ADMIN_LOG" ADD CONSTRAINT "DJANGO_AD_USER_ID_C564EBA6_F" FOREIGN KEY ("USER_ID")
	  REFERENCES "TOSHIVEPET"."AUTH_USER" ("ID") DEFERRABLE INITIALLY DEFERRED ENABLE;
